time,x,y,rot,pointangle1347041182306,529.5,-54.5,0,
1347041182342,529.5,-54.5,0,
1347041182342,529.5,-54.5,0,
1347041182357,529.5,-54.5,0,
1347041182373,529.5,-54.5,0,
1347041182389,529.5,-54.5,0,
1347041182406,529.5,-54.5,0,
1347041182421,529.5,-54.5,0,
1347041182437,529.5,-54.5,0,
1347041182454,529.5,-54.5,0,
1347041182469,529.5,-54.5,0,
1347041182485,529.5,-54.5,0,
1347041182501,529.5,-54.5,0,
1347041182517,529.5,-54.5,0,
1347041182534,529.5,-54.5,0,
1347041182549,529.5,-54.5,0,
1347041182565,529.5,-54.5,0,
1347041182581,529.5,-54.5,0,
1347041182597,529.5,-54.5,0,
1347041182620,529.5,-54.5,0,
1347041182629,529.5,-54.5,0,
1347041182645,529.5,-54.5,0,
1347041182661,529.5,-54.5,0,
1347041182678,529.5,-54.5,0,
1347041182693,529.5,-54.5,0,
1347041182709,529.5,-54.5,0,
1347041182725,529.5,-54.5,0,
1347041182741,529.5,-54.5,0,
1347041182758,529.5,-54.5,0,
1347041182773,529.5,-54.5,0,
1347041182789,529.5,-54.5,0,
1347041182805,529.5,-54.5,0,
1347041182821,529.5,-54.5,0,
1347041182844,529.5,-54.5,0,
1347041182854,529.5,-54.5,0,
1347041182869,529.5,-54.5,0,
1347041182885,529.5,-54.5,0,
1347041182901,529.5,-54.5,0,
1347041182917,529.5,-54.5,0,
1347041182933,529.5,-54.5,0,
1347041182950,529.5,-54.5,0,
1347041182965,529.5,-54.5,0,
1347041182981,529.5,-54.5,0,
1347041182997,529.5,-54.5,0,
1347041183013,529.5,-54.5,0,
1347041183029,529.5,-54.5,0,
1347041183046,529.5,-54.5,0,
1347041183061,529.5,-54.5,0,
1347041183077,529.5,-54.5,0,
1347041183093,529.5,-54.5,0,
1347041183109,529.5,-54.5,0,
1347041183125,529.5,-54.5,0,
1347041183142,529.5,-54.5,0,
1347041183157,529.5,-54.5,0,
1347041183174,529.5,-54.5,0,
1347041183190,529.5,-54.5,0,
1347041183206,529.5,-54.5,0,
1347041183222,529.5,-54.5,0,
1347041183238,529.5,-54.5,0,
1347041183254,529.5,-54.5,0,
1347041183269,529.5,-54.5,0,
1347041183285,529.5,-54.5,0,
1347041183301,529.5,-54.5,0,
1347041183317,529.5,-54.5,0,
1347041183334,529.5,-54.5,0,
1347041183349,529.5,-54.5,0,
1347041183366,529.5,-54.5,0,
1347041183381,529.5,-54.5,0,
1347041183397,529.5,-54.5,0,
1347041183414,529.5,-54.5,0,
1347041183429,529.5,-54.5,0,
1347041183445,529.5,-54.5,0,
1347041183461,529.5,-54.5,0,
1347041183477,529.5,-54.5,0,
1347041183493,529.5,-54.5,0,
1347041183510,529.5,-54.5,0,
1347041183526,529.5,-54.5,0,
1347041183541,529.5,-54.5,0,
1347041183558,529.5,-54.5,0,
1347041183574,529.5,-54.5,0,
1347041183590,529.5,-54.5,0,
1347041183606,529.5,-54.5,0,
1347041183622,529.5,-54.5,0,
1347041183638,529.5,-54.5,0,
1347041183653,529.5,-54.5,0,
1347041183669,529.5,-54.5,0,
1347041183686,529.5,-54.5,0,
1347041183701,529.5,-54.5,0,
1347041183717,529.5,-54.5,0,
1347041183733,529.5,-54.5,0,
1347041183749,529.5,-54.5,0,
1347041183766,529.5,-54.5,0,
1347041183782,529.5,-54.5,0,
1347041183797,529.5,-54.5,0,
1347041183814,529.5,-54.5,0,
1347041183829,529.5,-54.5,0,
1347041183845,529.5,-54.5,0,
1347041183862,529.5,-54.5,0,
1347041183877,529.5,-54.5,0,
1347041183893,529.5,-54.5,0,
1347041183909,529.5,-54.5,0,
1347041183925,529.5,-54.5,0,
1347041183941,529.5,-54.5,0,
1347041183957,529.5,-54.5,0,
1347041183974,529.5,-54.5,0,
1347041183989,529.5,-54.5,0,
1347041184005,529.5,-54.5,0,
1347041184021,529.5,-54.5,0,
1347041184037,529.5,-54.5,0,
1347041184053,529.5,-54.5,0,
1347041184069,529.5,-54.5,0,
1347041184085,529.5,-54.5,0,
1347041184101,529.5,-54.5,0,
1347041184117,529.5,-54.5,0,
1347041184134,529.5,-54.5,0,
1347041184149,529.5,-54.5,0,
1347041184166,529.5,-54.5,0,
1347041184182,529.5,-54.5,0,
1347041184197,529.5,-54.5,0,
1347041184214,529.5,-54.5,0,
1347041184230,529.5,-54.5,0,
1347041184246,529.5,-54.5,0,
1347041184262,529.5,-54.5,0,
1347041184278,529.5,-54.5,0,
1347041184294,529.5,-54.5,0,
1347041184310,529.5,-54.5,0,
1347041184325,529.5,-54.5,0,
1347041184342,529.5,-54.5,0,
1347041184358,529.5,-54.5,0,
1347041184373,529.5,-54.5,0,
1347041184390,529.5,-54.5,0,
1347041184405,529.5,-54.5,0,
1347041184421,529.5,-54.5,0,
1347041184438,529.5,-54.5,0,
1347041184454,529.5,-54.5,0,
1347041184469,529.5,-54.5,0,
1347041184486,529.5,-54.5,0,
1347041184501,529.5,-54.5,0,
1347041184517,529.5,-54.5,0,
1347041184534,529.5,-54.5,0,
1347041184550,529.5,-54.5,0,
1347041184566,529.5,-54.5,0,
1347041184582,529.5,-54.5,0,
1347041184597,529.5,-54.5,0,
1347041184613,529.5,-54.5,0,
1347041184629,529.5,-54.5,0,
1347041184645,529.5,-54.5,0,
1347041184662,529.5,-54.5,0,
1347041184677,529.5,-54.5,0,
1347041184693,529.5,-54.5,0,
1347041184709,529.5,-54.5,0,
1347041184726,529.5,-54.5,0,
1347041184741,529.5,-54.5,0,
1347041184757,529.5,-54.5,0,
1347041184774,529.5,-54.5,0,
1347041184790,529.5,-54.5,0,
1347041184806,529.5,-54.5,0,
1347041184822,529.5,-54.5,0,
1347041184837,529.5,-54.5,0,
1347041184853,529.5,-54.5,0,
1347041184869,529.5,-54.5,0,
1347041184886,529.5,-54.5,0,
1347041184901,529.5,-54.5,0,
1347041184917,529.5,-54.5,0,
1347041184933,529.5,-54.5,0,
1347041184950,529.5,-54.5,0,
1347041184965,529.5,-54.5,0,
1347041184981,529.5,-54.5,0,
1347041184998,529.5,-54.5,0,
1347041185014,529.5,-54.5,0,
1347041185030,529.5,-54.5,0,
1347041185045,529.5,-54.5,0,
1347041185062,529.5,-54.5,0,
1347041185078,529.5,-54.5,0,
1347041185094,529.5,-54.5,0,
1347041185109,529.5,-54.5,0,
1347041185126,529.5,-54.5,0,
1347041185142,529.5,-54.5,0,
1347041185158,529.5,-54.5,0,
1347041185173,529.5,-54.5,0,
1347041185190,529.5,-54.5,0,
1347041185206,529.5,-54.5,0,
1347041185221,529.5,-54.5,0,
1347041185238,529.5,-54.5,0,
1347041185253,529.5,-54.5,0,
1347041185269,529.5,-54.5,0,
1347041185285,529.5,-54.5,0,
1347041185302,529.5,-54.5,0,
1347041185318,529.5,-54.5,0,
1347041185334,529.5,-54.5,0,
1347041185349,529.5,-54.5,0,
1347041185366,529.5,-54.5,0,
1347041185382,529.5,-54.5,0,
1347041185398,529.5,-54.5,0,
1347041185414,529.5,-54.5,0,
1347041185429,529.5,-54.5,0,
1347041185446,529.5,-54.5,0,
1347041185462,529.5,-54.5,0,
1347041185478,529.5,-54.5,0,
1347041185493,529.5,-54.5,0,
1347041185509,529.5,-54.5,0,
1347041185525,529.5,-54.5,0,
1347041185541,529.5,-54.5,0,
1347041185557,529.5,-54.5,0,
1347041185573,529.5,-54.5,0,
1347041185590,529.5,-54.5,0,
1347041185605,529.5,-54.5,0,
1347041185621,529.5,-54.5,0,
1347041185638,529.5,-54.5,0,
1347041185653,529.5,-54.5,0,
1347041185670,529.5,-54.5,0,
1347041185685,529.5,-54.5,0,
1347041185701,529.5,-54.5,0,
1347041185717,529.5,-54.5,0,
1347041185734,529.5,-54.5,0,
1347041185750,529.5,-54.5,0,
1347041185766,529.5,-54.5,0,
1347041185781,529.5,-54.5,0,
1347041185798,529.5,-54.5,0,
1347041185813,529.5,-54.5,0,
1347041185830,529.5,-54.5,0,
1347041185846,529.5,-54.5,0,
1347041185862,529.5,-54.5,0,
1347041185877,529.5,-54.5,0,
1347041185894,529.5,-54.5,0,
1347041185910,529.5,-54.5,0,
1347041185925,529.5,-54.5,0,
1347041185941,529.5,-54.5,0,
1347041185957,529.5,-54.5,0,
1347041185973,529.5,-54.5,0,
1347041185990,529.5,-54.5,0,
1347041186006,529.5,-54.5,0,
1347041186022,529.5,-54.5,0,
1347041186037,529.5,-54.5,0,
1347041186053,529.5,-54.5,0,
1347041186070,529.5,-54.5,0,
1347041186086,529.5,-54.5,0,
1347041186102,529.5,-54.5,0,
1347041186117,529.5,-54.5,0,
1347041186134,529.5,-54.5,0,
1347041186149,529.5,-54.5,0,
1347041186166,529.5,-54.5,0,
1347041186182,529.5,-54.5,0,
1347041186197,529.5,-54.5,0,
1347041186214,529.5,-54.5,0,
1347041186230,529.5,-54.5,0,
1347041186245,529.5,-54.5,0,
1347041186262,529.5,-54.5,0,
1347041186278,529.5,-54.5,0,
1347041186293,529.5,-54.5,0,
1347041186309,529.5,-54.5,0,
1347041186325,529.5,-54.5,0,
1347041186342,529.5,-54.5,0,
1347041186357,529.5,-54.5,0,
1347041186374,529.5,-54.5,0,
1347041186390,529.5,-54.5,0,
1347041186405,529.5,-54.5,0,
1347041186422,529.5,-54.5,0,
1347041186437,529.5,-54.5,0,
1347041186454,529.5,-54.5,0,
1347041186469,529.5,-54.5,0,
1347041186485,529.5,-54.5,0,
1347041186502,529.5,-54.5,0,
1347041186518,529.5,-54.5,0,
1347041186534,529.5,-54.5,0,
1347041186550,529.5,-54.5,0,
1347041186565,529.5,-54.5,0,
1347041186582,529.5,-54.5,0,
1347041186597,529.5,-54.5,0,
1347041186614,529.5,-54.5,0,
1347041186629,529.5,-54.5,0,
1347041186646,529.5,-54.5,0,
1347041186662,529.5,-54.5,0,
1347041186678,529.5,-54.5,0,
1347041186694,529.5,-54.5,0,
1347041186709,529.5,-54.5,0,
1347041186725,529.5,-54.5,0,
1347041186741,529.5,-54.5,0,
1347041186758,529.5,-54.5,0,
1347041186774,529.5,-54.5,0,
1347041186789,529.5,-54.5,0,
1347041186805,529.5,-54.5,0,
1347041186822,529.5,-54.5,0,
1347041186838,529.5,-54.5,0,
1347041186853,529.5,-54.5,0,
1347041186869,529.5,-54.5,0,
1347041186885,529.5,-54.5,0,
1347041186902,529.5,-54.5,0,
1347041186918,529.5,-54.5,0,
1347041186933,529.5,-54.5,0,
1347041186949,529.5,-54.5,0,
1347041186965,529.5,-54.5,0,
1347041186981,529.5,-54.5,0,
1347041186998,529.5,-54.5,0,
1347041187013,529.5,-54.5,0,
1347041187029,529.5,-54.5,0,
1347041187046,529.5,-54.5,0,
1347041187061,529.5,-54.5,0,
1347041187077,529.5,-54.5,0,
1347041187094,529.5,-54.5,0,
1347041187109,529.5,-54.5,0,
1347041187125,529.5,-54.5,0,
1347041187142,529.5,-54.5,0,
1347041187158,529.5,-54.5,0,
1347041187174,529.5,-54.5,0,
1347041187189,529.5,-54.5,0,
1347041187205,529.5,-54.5,0,
1347041187221,529.5,-54.5,0,
1347041187237,529.5,-54.5,0,
1347041187253,529.5,-54.5,0,
1347041187269,529.5,-54.5,0,
1347041187286,529.5,-54.5,0,
1347041187301,529.5,-54.5,0,
1347041187318,529.5,-54.5,0,
1347041187333,529.5,-54.5,0,
1347041187350,529.5,-54.5,0,
1347041187366,529.5,-54.5,0,
1347041187382,529.5,-54.5,0,
1347041187397,529.5,-54.5,0,
1347041187413,529.5,-54.5,0,
1347041187430,529.5,-54.5,0,
1347041187446,529.5,-54.5,0,
1347041187464,529.5,-54.5,0,
1347041187477,529.5,-54.5,0,
1347041187493,529.5,-54.5,0,
1347041187509,529.5,-54.5,0,
1347041187526,529.5,-54.5,0,
1347041187541,529.5,-54.5,0,
1347041187558,529.5,-54.5,0,
1347041187573,529.5,-54.5,0,
1347041187590,529.5,-54.5,0,
1347041187605,529.5,-54.5,0,
1347041187622,529.5,-54.5,0,
1347041187638,529.5,-54.5,0,
1347041187653,529.5,-54.5,0,
1347041187670,529.5,-54.5,0,
1347041187686,529.5,-54.5,0,
1347041187701,529.5,-54.5,0,
1347041187718,529.5,-54.5,0,
1347041187733,529.5,-54.5,0,
1347041187750,529.5,-54.5,0,
1347041187765,529.5,-54.5,0,
1347041187782,529.5,-54.5,0,
1347041187798,529.5,-54.5,0,
1347041187813,529.5,-54.5,0,
1347041187829,529.5,-54.5,0,
1347041187845,529.5,-54.5,0,
1347041187861,529.5,-54.5,0,
1347041187877,529.5,-54.5,0,
1347041187893,529.5,-54.5,0,
1347041187910,529.5,-54.5,0,
1347041187926,529.5,-54.5,0,
1347041187942,529.5,-54.5,0,
1347041187958,529.5,-54.5,0,
1347041187974,529.5,-54.5,0,
1347041187990,529.5,-54.5,0,
1347041188006,529.5,-54.5,0,
1347041188022,529.5,-54.5,0,
1347041188037,529.5,-54.5,0,
1347041188053,529.5,-54.5,0,
1347041188070,529.5,-54.5,0,
1347041188085,529.5,-54.5,0,
1347041188101,529.5,-54.5,0,
1347041188118,529.5,-54.5,0,
1347041188133,529.5,-54.5,0,
1347041188150,529.5,-54.5,0,
1347041188165,529.5,-54.5,0,
1347041188181,529.5,-54.5,0,
1347041188197,529.5,-54.5,0,
1347041188214,529.5,-54.5,0,
1347041188229,529.5,-54.5,0,
1347041188246,529.5,-54.5,0,
1347041188261,529.5,-54.5,0,
1347041188278,529.5,-54.5,0,
1347041188294,529.5,-54.5,0,
1347041188309,529.5,-54.5,0,
1347041188326,529.5,-54.5,0,
1347041188341,529.5,-54.5,0,
1347041188358,529.5,-54.5,0,
1347041188374,529.5,-54.5,0,
1347041188389,529.5,-54.5,0,
1347041188405,529.5,-54.5,0,
1347041188422,529.5,-54.5,0,
1347041188437,529.5,-54.5,0,
1347041188453,529.5,-54.5,0,
1347041188469,529.5,-54.5,0,
1347041188486,529.5,-54.5,0,
1347041188502,529.5,-54.5,0,
1347041188517,529.5,-54.5,0,
1347041188533,529.5,-54.5,0,
1347041188549,529.5,-54.5,0,
1347041188566,529.5,-54.5,0,
1347041188582,529.5,-54.5,0,
1347041188598,529.5,-54.5,0,
1347041188614,529.5,-54.5,0,
1347041188629,529.5,-54.5,0,
1347041188646,529.5,-54.5,0,
1347041188661,529.5,-54.5,0,
1347041188678,529.5,-54.5,0,
1347041188694,529.5,-54.5,0,
1347041188709,529.5,-54.5,0,
1347041188726,529.5,-54.5,0,
1347041188742,529.5,-54.5,0,
1347041188758,529.5,-54.5,0,
1347041188774,529.5,-54.5,0,
1347041188789,529.5,-54.5,0,
1347041188806,529.5,-54.5,0,
1347041188821,529.5,-54.5,0,
1347041188838,529.5,-54.5,0,
1347041188854,529.5,-54.5,0,
1347041188869,529.5,-54.5,0,
1347041188886,529.5,-54.5,0,
1347041188901,529.5,-54.5,0,
1347041188918,529.5,-54.5,0,
1347041188933,529.5,-54.5,0,
1347041188949,529.5,-54.5,0,
1347041188966,529.5,-54.5,0,
1347041188982,529.5,-54.5,0,
1347041188998,529.5,-54.5,0,
1347041189013,529.5,-54.5,0,
1347041189029,529.5,-54.5,0,
1347041189045,529.5,-54.5,0,
1347041189062,529.5,-54.5,0,
1347041189078,529.5,-54.5,0,
1347041189093,529.5,-54.5,0,
1347041189110,529.5,-54.5,0,
1347041189126,529.5,-54.5,0,
1347041189141,529.5,-54.5,0,
1347041189158,529.5,-54.5,0,
1347041189174,529.5,-54.5,0,
1347041189189,529.5,-54.5,0,
1347041189206,529.5,-54.5,0,
1347041189222,529.5,-54.5,0,
1347041189237,529.5,-54.5,0,
1347041189253,529.5,-54.5,0,
1347041189269,529.5,-54.5,0,
1347041189286,529.5,-54.5,0,
1347041189301,529.5,-54.5,0,
1347041189317,529.5,-54.5,0,
1347041189333,529.5,-54.5,0,
1347041189350,529.5,-54.5,0,
1347041189366,529.5,-54.5,0,
1347041189382,529.5,-54.5,0,
1347041189397,529.5,-54.5,0,
1347041189414,529.5,-54.5,0,
1347041189429,529.5,-54.5,0,
1347041189446,529.5,-54.5,0,
1347041189462,529.5,-54.5,0,
1347041189477,529.5,-54.5,0,
1347041189494,529.5,-54.5,0,
1347041189510,529.5,-54.5,0,
1347041189526,529.5,-54.5,0,
1347041189542,529.5,-54.5,0,
1347041189557,529.5,-54.5,0,
1347041189574,529.5,-54.5,0,
1347041189590,529.5,-54.5,0,
1347041189606,529.5,-54.5,0,
1347041189622,529.5,-54.5,0,
1347041189637,529.5,-54.5,0,
1347041189653,529.5,-54.5,0,
1347041189669,529.5,-54.5,0,
1347041189686,529.5,-54.5,0,
1347041189702,529.5,-54.5,0,
1347041189717,529.5,-54.5,0,
1347041189734,529.5,-54.5,0,
1347041189750,529.5,-54.5,0,
1347041189765,529.5,-54.5,0,
1347041189781,529.5,-54.5,0,
1347041189797,529.5,-54.5,0,
1347041189814,529.5,-54.5,0,
1347041189829,529.5,-54.5,0,
1347041189846,529.5,-54.5,0,
1347041189861,529.5,-54.5,0,
1347041189877,529.5,-54.5,0,
1347041189894,529.5,-54.5,0,
1347041189910,529.5,-54.5,0,
1347041189926,529.5,-54.5,0,
1347041189941,529.5,-54.5,0,
1347041189958,529.5,-54.5,0,
1347041189974,529.5,-54.5,0,
1347041189990,529.5,-54.5,0,
1347041190005,529.5,-54.5,0,
1347041190022,529.5,-54.5,0,
1347041190038,529.5,-54.5,0,
1347041190053,529.5,-54.5,0,
1347041190070,529.5,-54.5,0,
1347041190085,529.5,-54.5,0,
1347041190102,529.5,-54.5,0,
1347041190118,529.5,-54.5,0,
1347041190133,529.5,-54.5,0,
1347041190150,529.5,-54.5,0,
1347041190165,529.5,-54.5,0,
1347041190182,529.5,-54.5,0,
1347041190198,529.5,-54.5,0,
1347041190214,529.5,-54.5,0,
1347041190229,529.5,-54.5,0,
1347041190245,529.5,-54.5,0,
1347041190261,529.5,-54.5,0,
1347041190278,529.5,-54.5,0,
1347041190294,529.5,-54.5,0,
1347041190310,529.5,-54.5,0,
1347041190326,529.5,-54.5,0,
1347041190341,529.5,-54.5,0,
1347041190357,529.5,-54.5,0,
1347041190373,529.5,-54.5,0,
1347041190390,529.5,-54.5,0,
1347041190406,529.5,-54.5,0,
1347041190422,529.5,-54.5,0,
1347041190437,529.5,-54.5,0,
1347041190454,529.5,-54.5,0,
1347041190470,529.5,-54.5,0,
1347041190486,529.5,-54.5,0,
1347041190502,529.5,-54.5,0,
1347041190518,529.5,-54.5,0,
1347041190533,529.5,-54.5,0,
1347041190550,529.5,-54.5,0,
1347041190566,529.5,-54.5,0,
1347041190582,529.5,-54.5,0,
1347041190598,529.5,-54.5,0,
1347041190613,529.5,-54.5,0,
1347041190630,529.5,-54.5,0,
1347041190646,529.5,-54.5,0,
1347041190661,529.5,-54.5,0,
1347041190678,529.5,-54.5,0,
1347041190694,529.5,-54.5,0,
1347041190710,529.5,-54.5,0,
1347041190726,529.5,-54.5,0,
1347041190741,529.5,-54.5,0,
1347041190758,529.5,-54.5,0,
1347041190773,529.5,-54.5,0,
1347041190790,529.5,-54.5,0,
1347041190805,529.5,-54.5,0,
1347041190822,529.5,-54.5,0,
1347041190838,529.5,-54.5,0,
1347041190853,529.5,-54.5,0,
1347041190870,529.5,-54.5,0,
1347041190885,529.5,-54.5,0,
1347041190901,529.5,-54.5,0,
1347041190918,529.5,-54.5,0,
1347041190933,529.5,-54.5,0,
1347041190950,529.5,-54.5,0,
1347041190966,529.5,-54.5,0,
1347041190981,529.5,-54.5,0,
1347041190998,529.5,-54.5,0,
1347041191013,529.5,-54.5,0,
1347041191030,529.5,-54.5,0,
1347041191046,529.5,-54.5,0,
1347041191061,529.5,-54.5,0,
1347041191078,529.5,-54.5,0,
1347041191094,529.5,-54.5,0,
1347041191110,529.5,-54.5,0,
1347041191126,529.5,-54.5,0,
1347041191141,529.5,-54.5,0,
1347041191157,529.5,-54.5,0,
1347041191173,529.5,-54.5,0,
1347041191190,529.5,-54.5,0,
1347041191206,529.5,-54.5,0,
1347041191221,529.5,-54.5,0,
1347041191237,529.5,-54.5,0,
1347041191253,529.5,-54.5,0,
1347041191270,529.5,-54.5,0,
1347041191285,529.5,-54.5,0,
1347041191302,529.5,-54.5,0,
1347041191317,529.5,-54.5,0,
1347041191334,529.5,-54.5,0,
1347041191350,529.5,-54.5,0,
1347041191366,529.5,-54.5,0,
1347041191382,529.5,-54.5,0,
1347041191398,529.5,-54.5,0,
1347041191414,529.5,-54.5,0,
1347041191430,529.5,-54.5,0,
1347041191446,529.5,-54.5,0,
1347041191461,529.5,-54.5,0,
1347041191478,529.5,-54.5,0,
1347041191493,529.5,-54.5,0,
1347041191509,529.5,-54.5,0,
1347041191526,529.5,-54.5,0,
1347041191551,529.5,-54.5,0,
1347041191558,529.5,-54.5,0,
1347041191574,529.5,-54.5,0,
1347041191589,529.5,-54.5,0,
1347041191606,529.5,-54.5,0,
1347041191622,529.5,-54.5,0,
1347041191638,529.5,-54.5,0,
1347041191654,529.5,-54.5,0,
1347041191670,529.5,-54.5,0,
1347041191685,529.5,-54.5,0,
1347041191702,529.5,-54.5,0,
1347041191718,529.5,-54.5,0,
1347041191733,529.5,-54.5,0,
1347041191749,529.5,-54.5,0,
1347041191766,529.5,-54.5,0,
1347041191781,529.5,-54.5,0,
1347041191798,529.5,-54.5,0,
1347041191814,529.5,-54.5,0,
1347041191829,529.5,-54.5,0,
1347041191845,529.5,-54.5,0,
1347041191861,529.5,-54.5,0,
1347041191878,529.5,-54.5,0,
1347041191893,529.5,-54.5,0,
1347041191909,529.5,-54.5,0,
1347041191926,529.5,-54.5,0,
1347041191942,529.5,-54.5,0,
1347041191957,529.5,-54.5,0,
1347041191974,529.5,-54.5,0,
1347041191989,529.5,-54.5,0,
1347041192006,529.5,-54.5,0,
1347041192022,529.5,-54.5,0,
1347041192037,529.5,-54.5,0,
1347041192054,529.5,-54.5,0,
1347041192069,529.5,-54.5,0,
1347041192086,529.5,-54.5,0,
1347041192102,529.5,-54.5,0,
1347041192118,529.5,-54.5,0,
1347041192134,529.5,-54.5,0,
1347041192149,529.5,-54.5,0,
1347041192165,529.5,-54.5,0,
1347041192182,529.5,-54.5,0,
1347041192198,529.5,-54.5,0,
1347041192213,529.5,-54.5,0,
1347041192229,529.5,-54.5,0,
1347041192246,529.5,-54.5,0,
1347041192261,529.5,-54.5,0,
1347041192277,529.5,-54.5,0,
1347041192294,529.5,-54.5,0,
1347041192309,529.5,-54.5,0,
1347041192326,529.5,-54.5,0,
1347041192342,529.5,-54.5,0,
1347041192357,529.5,-54.5,0,
1347041192373,529.5,-54.5,0,
1347041192389,529.5,-54.5,0,
1347041192406,529.5,-54.5,0,
1347041192422,529.5,-54.5,0,
1347041192437,529.5,-54.5,0,
1347041192454,529.5,-54.5,0,
1347041192469,529.5,-54.5,0,
1347041192486,529.5,-54.5,0,
1347041192501,529.5,-54.5,0,
1347041192517,529.5,-54.5,0,
1347041192534,529.5,-54.5,0,
1347041192550,529.5,-54.5,0,
1347041192566,529.5,-54.5,0,
1347041192581,529.5,-54.5,0,
1347041192597,529.5,-54.5,0,
1347041192614,529.5,-54.5,0,
1347041192630,529.5,-54.5,0,
1347041192645,529.5,-54.5,0,
1347041192662,529.5,-54.5,0,
1347041192678,529.5,-54.5,0,
1347041192694,529.5,-54.5,0,
1347041192709,529.5,-54.5,0,
1347041192726,529.5,-54.5,0,
1347041192742,529.5,-54.5,0,
1347041192757,529.5,-54.5,0,
1347041192774,529.5,-54.5,0,
1347041192789,529.5,-54.5,0,
1347041192805,529.5,-54.5,0,
1347041192821,529.5,-54.5,0,
1347041192837,529.5,-54.5,0,
1347041192854,529.5,-54.5,0,
1347041192870,529.5,-54.5,0,
1347041192886,529.5,-54.5,0,
1347041192902,529.5,-54.5,0,
1347041192917,529.5,-54.5,0,
1347041192934,529.5,-54.5,0,
1347041192949,529.5,-54.5,0,
1347041192965,529.5,-54.5,0,
1347041192982,529.5,-54.5,0,
1347041192998,529.5,-54.5,0,
1347041193014,529.5,-54.5,0,
1347041193030,529.5,-54.5,0,
1347041193045,529.5,-54.5,0,
1347041193062,529.5,-54.5,0,
1347041193078,529.5,-54.5,0,
1347041193094,529.5,-54.5,0,
1347041193110,529.5,-54.5,0,
1347041193125,529.5,-54.5,0,
1347041193141,529.5,-54.5,0,
1347041193158,529.5,-54.5,0,
1347041193174,529.5,-54.5,0,
1347041193189,529.5,-54.5,0,
1347041193205,529.5,-54.5,0,
1347041193221,529.5,-54.5,0,
1347041193237,529.5,-54.5,0,
1347041193254,529.5,-54.5,0,
1347041193269,529.5,-54.5,0,
1347041193285,529.5,-54.5,0,
1347041193302,529.5,-54.5,0,
1347041193318,529.5,-54.5,0,
1347041193334,529.5,-54.5,0,
1347041193349,529.5,-54.5,0,
1347041193366,529.5,-54.5,0,
1347041193381,529.5,-54.5,0,
1347041193397,529.5,-54.5,0,
1347041193413,529.5,-54.5,0,
1347041193430,529.5,-54.5,0,
1347041193445,529.5,-54.5,0,
1347041193461,529.5,-54.5,0,
1347041193477,529.5,-54.5,0,
1347041193493,529.5,-54.5,0,
1347041193509,529.5,-54.5,0,
1347041193525,529.5,-54.5,0,
1347041193542,529.5,-54.5,0,
1347041193557,529.5,-54.5,0,
1347041193573,529.5,-54.5,0,
1347041193589,529.5,-54.5,0,
1347041193606,529.5,-54.5,0,
1347041193622,529.5,-54.5,0,
1347041193637,529.5,-54.5,0,
1347041193654,529.5,-54.5,0,
1347041193669,529.5,-54.5,0,
1347041193686,529.5,-54.5,0,
1347041193702,529.5,-54.5,0,
1347041193717,529.5,-54.5,0,
1347041193734,529.5,-54.5,0,
1347041193750,529.5,-54.5,0,
1347041193766,529.5,-54.5,0,
1347041193782,529.5,-54.5,0,
1347041193797,529.5,-54.5,0,
1347041193813,529.5,-54.5,0,
1347041193829,529.5,-54.5,0,
1347041193845,529.5,-54.5,0,
1347041193862,529.5,-54.5,0,
1347041193878,529.5,-54.5,0,
1347041193893,529.5,-54.5,0,
1347041193910,529.5,-54.5,0,
1347041193926,529.5,-54.5,0,
1347041193941,529.5,-54.5,0,
1347041193958,529.5,-54.5,0,
1347041193974,529.5,-54.5,0,
1347041193990,529.5,-54.5,0,
1347041194005,529.5,-54.5,0,
1347041194021,529.5,-54.5,0,
1347041194038,529.5,-54.5,0,
1347041194054,529.5,-54.5,0,
1347041194070,529.5,-54.5,0,
1347041194085,529.5,-54.5,0,
1347041194102,529.5,-54.5,0,
1347041194117,529.5,-54.5,0,
1347041194134,529.5,-54.5,0,
1347041194150,529.5,-54.5,0,
1347041194165,529.5,-54.5,0,
1347041194182,529.5,-54.5,0,
1347041194198,529.5,-54.5,0,
1347041194213,529.5,-54.5,0,
1347041194230,529.5,-54.5,0,
1347041194246,529.5,-54.5,0,
1347041194261,529.5,-54.5,0,
1347041194277,529.5,-54.5,0,
1347041194293,529.5,-54.5,0,
1347041194309,529.5,-54.5,0,
1347041194325,529.5,-54.5,0,
1347041194341,529.5,-54.5,0,
1347041194358,529.5,-54.5,0,
1347041194373,529.5,-54.5,0,
1347041194389,529.5,-54.5,0,
1347041194405,529.5,-54.5,0,
1347041194421,529.5,-54.5,0,
1347041194438,529.5,-54.5,0,
1347041194454,529.5,-54.5,0,
1347041194469,529.5,-54.5,0,
1347041194486,529.5,-54.5,0,
1347041194501,529.5,-54.5,0,
1347041194518,529.5,-54.5,0,
1347041194534,529.5,-54.5,0,
1347041194549,529.5,-54.5,0,
1347041194566,529.5,-54.5,0,
1347041194582,529.5,-54.5,0,
1347041194598,529.5,-54.5,0,
1347041194614,529.5,-54.5,0,
1347041194630,529.5,-54.5,0,
1347041194645,529.5,-54.5,0,
1347041194661,529.5,-54.5,0,
1347041194678,529.5,-54.5,0,
1347041194693,529.5,-54.5,0,
1347041194709,529.5,-54.5,0,
1347041194725,529.5,-54.5,0,
1347041194742,529.5,-54.5,0,
1347041194757,529.5,-54.5,0,
1347041194773,529.5,-54.5,0,
1347041194790,529.5,-54.5,0,
1347041194805,529.5,-54.5,0,
1347041194821,529.5,-54.5,0,
1347041194846,529.5,-54.5,0,
1347041194853,529.5,-54.5,0,
1347041194869,529.5,-54.5,0,
1347041194885,529.5,-54.5,0,
1347041194901,529.5,-54.5,0,
1347041194917,529.5,-54.5,0,
1347041194938,529.5,-54.5,0,
1347041194949,529.5,-54.5,0,
1347041194965,529.5,-54.5,0,
1347041194981,529.5,-54.5,0,
1347041194997,529.5,-54.5,0,
1347041195013,529.5,-54.5,0,
1347041195030,529.5,-54.5,0,
1347041195045,529.5,-54.5,0,
1347041195061,529.5,-54.5,0,
1347041195077,529.5,-54.5,0,
1347041195093,529.5,-54.5,0,
1347041195109,529.5,-54.5,0,
1347041195126,529.5,-54.5,0,
1347041195141,529.5,-54.5,0,
1347041195157,529.5,-54.5,0,
1347041195173,529.5,-54.5,0,
1347041195189,529.5,-54.5,0,
1347041195205,529.5,-54.5,0,
1347041195222,529.5,-54.5,0,
1347041195237,529.5,-54.5,0,
1347041195253,529.5,-54.5,0,
1347041195269,529.5,-54.5,0,
1347041195285,529.5,-54.5,0,
1347041195301,529.5,-54.5,0,
1347041195317,529.5,-54.5,0,
1347041195333,529.5,-54.5,0,
1347041195349,529.5,-54.5,0,
1347041195366,529.5,-54.5,0,
1347041195381,529.5,-54.5,0,
1347041195397,529.5,-54.5,0,
1347041195414,529.5,-54.5,0,
1347041195430,529.5,-54.5,0,
1347041195445,529.5,-54.5,0,
1347041195461,529.5,-54.5,0,
1347041195477,529.5,-54.5,0,
1347041195494,529.5,-54.5,0,
1347041195510,529.5,-54.5,0,
1347041195525,529.5,-54.5,0,
1347041195542,529.5,-54.5,0,
1347041195557,529.5,-54.5,0,
1347041195574,529.5,-54.5,0,
1347041195590,529.5,-54.5,0,
1347041195605,529.5,-54.5,0,
1347041195621,529.5,-54.5,0,
1347041195638,529.5,-54.5,0,
1347041195654,529.5,-54.5,0,
1347041195669,529.5,-54.5,0,
1347041195686,529.5,-54.5,0,
1347041195702,529.5,-54.5,0,
1347041195717,529.5,-54.5,0,
1347041195734,529.5,-54.5,0,
1347041195749,529.5,-54.5,0,
1347041195765,529.5,-54.5,0,
1347041195782,529.5,-54.5,0,
1347041195798,529.5,-54.5,0,
1347041195814,529.5,-54.5,0,
1347041195829,529.5,-54.5,0,
1347041195845,529.5,-54.5,0,
1347041195862,529.5,-54.5,0,
1347041195878,529.5,-54.5,0,
1347041195894,529.5,-54.5,0,
1347041195910,529.5,-54.5,0,
1347041195925,529.5,-54.5,0,
1347041195942,529.5,-54.5,0,
1347041195958,529.5,-54.5,0,
1347041195974,529.5,-54.5,0,
1347041195989,529.5,-54.5,0,
1347041196005,529.5,-54.5,0,
1347041196022,529.5,-54.5,0,
1347041196037,529.5,-54.5,0,
1347041196054,529.5,-54.5,0,
1347041196069,529.5,-54.5,0,
1347041196085,529.5,-54.5,0,
1347041196101,529.5,-54.5,0,
1347041196117,529.5,-54.5,0,
1347041196133,529.5,-54.5,0,
1347041196149,529.5,-54.5,0,
1347041196165,529.5,-54.5,0,
1347041196182,529.5,-54.5,0,
1347041196198,529.5,-54.5,0,
1347041196213,529.5,-54.5,0,
1347041196230,529.5,-54.5,0,
1347041196245,529.5,-54.5,0,
1347041196262,529.5,-54.5,0,
1347041196278,529.5,-54.5,0,
1347041196293,529.5,-54.5,0,
1347041196310,529.5,-54.5,0,
1347041196326,529.5,-54.5,0,
1347041196342,529.5,-54.5,0,
1347041196358,529.5,-54.5,0,
1347041196373,529.5,-54.5,0,
1347041196390,529.5,-54.5,0,
1347041196405,529.5,-54.5,0,
1347041196421,529.5,-54.5,0,
1347041196437,529.5,-54.5,0,
1347041196453,529.5,-54.5,0,
1347041196469,529.5,-54.5,0,
1347041196485,529.5,-54.5,0,
1347041196501,529.5,-54.5,0,
1347041196518,529.5,-54.5,0,
1347041196533,529.5,-54.5,0,
1347041196549,529.5,-54.5,0,
1347041196566,529.5,-54.5,0,
1347041196582,529.5,-54.5,0,
1347041196597,529.5,-54.5,0,
1347041196613,529.5,-54.5,0,
1347041196630,529.5,-54.5,0,
1347041196646,529.5,-54.5,0,
1347041196662,529.5,-54.5,0,
1347041196678,529.5,-54.5,0,
1347041196693,529.5,-54.5,0,
1347041196710,529.5,-54.5,0,
1347041196726,529.5,-54.5,0,
1347041196742,529.5,-54.5,0,
1347041196757,529.5,-54.5,0,
1347041196773,529.5,-54.5,0,
1347041196790,529.5,-54.5,0,
1347041196805,529.5,-54.5,0,
1347041196822,529.5,-54.5,0,
1347041196838,529.5,-54.5,0,
1347041196853,529.5,-54.5,0,
1347041196870,529.5,-54.5,0,
1347041196885,529.5,-54.5,0,
1347041196901,529.5,-54.5,0,
1347041196918,529.5,-54.5,0,
1347041196933,529.5,-54.5,0,
1347041196950,529.5,-54.5,0,
1347041196966,529.5,-54.5,0,
1347041196981,529.5,-54.5,0,
1347041196998,529.5,-54.5,0,
1347041197013,529.5,-54.5,0,
1347041197030,529.5,-54.5,0,
1347041197046,529.5,-54.5,0,
1347041197062,529.5,-54.5,0,
1347041197078,529.5,-54.5,0,
1347041197093,529.5,-54.5,0,
1347041197110,529.5,-54.5,0,
1347041197126,529.5,-54.5,0,
1347041197141,529.5,-54.5,0,
1347041197158,529.5,-54.5,0,
1347041197173,529.5,-54.5,0,
1347041197190,529.5,-54.5,0,
1347041197206,529.5,-54.5,0,
1347041197221,529.5,-54.5,0,
1347041197238,529.5,-54.5,0,
1347041197253,529.5,-54.5,0,
1347041197270,529.5,-54.5,0,
1347041197286,529.5,-54.5,0,
1347041197301,529.5,-54.5,0,
1347041197318,529.5,-54.5,0,
1347041197334,529.5,-54.5,0,
1347041197350,529.5,-54.5,0,
1347041197366,529.5,-54.5,0,
1347041197381,529.5,-54.5,0,
1347041197398,529.5,-54.5,0,
1347041197414,529.5,-54.5,0,
1347041197430,529.5,-54.5,0,
1347041197445,529.5,-54.5,0,
1347041197461,529.5,-54.5,0,
1347041197477,529.5,-54.5,0,
1347041197493,529.5,-54.5,0,
1347041197509,529.5,-54.5,0,
1347041197526,529.5,-54.5,0,
1347041197541,529.5,-54.5,0,
1347041197558,529.5,-54.5,0,
1347041197574,529.5,-54.5,0,
1347041197589,529.5,-54.5,0,
1347041197606,529.5,-54.5,0,
1347041197621,529.5,-54.5,0,
1347041197638,529.5,-54.5,0,
1347041197653,529.5,-54.5,0,
1347041197670,529.5,-54.5,0,
1347041197686,529.5,-54.5,0,
1347041197702,529.5,-54.5,0,
1347041197718,529.5,-54.5,0,
1347041197734,529.5,-54.5,0,
1347041197750,529.5,-54.5,0,
1347041197766,529.5,-54.5,0,
1347041197781,529.5,-54.5,0,
1347041197798,529.5,-54.5,0,
1347041197813,529.5,-54.5,0,
1347041197829,529.5,-54.5,0,
1347041197846,529.5,-54.5,0,
1347041197861,529.5,-54.5,0,
1347041197878,529.5,-54.5,0,
1347041197893,529.5,-54.5,0,
1347041197910,529.5,-54.5,0,
1347041197926,529.5,-54.5,0,
1347041197942,529.5,-54.5,0,
1347041197958,529.5,-54.5,0,
1347041197973,529.5,-54.5,0,
1347041197990,529.5,-54.5,0,
1347041198005,529.5,-54.5,0,
1347041198022,529.5,-54.5,0,
1347041198038,529.5,-54.5,0,
1347041198053,529.5,-54.5,0,
1347041198069,529.5,-54.5,0,
1347041198086,529.5,-54.5,0,
1347041198101,529.5,-54.5,0,
1347041198118,529.5,-54.5,0,
1347041198134,529.5,-54.5,0,
1347041198149,529.5,-54.5,0,
1347041198166,529.5,-54.5,0,
1347041198182,529.5,-54.5,0,
1347041198198,529.5,-54.5,0,
1347041198214,529.5,-54.5,0,
1347041198229,529.5,-54.5,0,
1347041198246,529.5,-54.5,0,
1347041198261,529.5,-54.5,0,
1347041198278,529.5,-54.5,0,
1347041198294,529.5,-54.5,0,
1347041198309,529.5,-54.5,0,
1347041198325,529.5,-54.5,0,
1347041198342,529.5,-54.5,0,
1347041198358,529.5,-54.5,0,
1347041198374,529.5,-54.5,0,
1347041198389,529.5,-54.5,0,
1347041198406,529.5,-54.5,0,
1347041198422,529.5,-54.5,0,
1347041198438,529.5,-54.5,0,
1347041198454,529.5,-54.5,0,
1347041198469,529.5,-54.5,0,
1347041198486,529.5,-54.5,0,
1347041198502,529.5,-54.5,0,
1347041198517,529.5,-54.5,0,
1347041198534,529.5,-54.5,0,
1347041198549,529.5,-54.5,0,
1347041198566,529.5,-54.5,0,
1347041198582,529.5,-54.5,0,
1347041198597,529.5,-54.5,0,
1347041198614,529.5,-54.5,0,
1347041198630,529.5,-54.5,0,
1347041198646,529.5,-54.5,0,
1347041198662,529.5,-54.5,0,
1347041198677,529.5,-54.5,0,
1347041198694,529.5,-54.5,0,
1347041198710,529.5,-54.5,0,
1347041198726,529.5,-54.5,0,
1347041198742,529.5,-54.5,0,
1347041198757,529.5,-54.5,0,
1347041198774,529.5,-54.5,0,
1347041198790,529.5,-54.5,0,
1347041198806,529.5,-54.5,0,
1347041198822,529.5,-54.5,0,
1347041198837,529.5,-54.5,0,
1347041198854,529.5,-54.5,0,
1347041198870,529.5,-54.5,0,
1347041198886,529.5,-54.5,0,
1347041198902,529.5,-54.5,0,
1347041198918,529.5,-54.5,0,
1347041198934,529.5,-54.5,0,
1347041198950,529.5,-54.5,0,
1347041198966,529.5,-54.5,0,
1347041198982,529.5,-54.5,0,
1347041198997,529.5,-54.5,0,
1347041199014,529.5,-54.5,0,
1347041199030,529.5,-54.5,0,
1347041199046,529.5,-54.5,0,
1347041199062,529.5,-54.5,0,
1347041199077,529.5,-54.5,0,
1347041199094,529.5,-54.5,0,
1347041199110,529.5,-54.5,0,
1347041199125,529.5,-54.5,0,
1347041199141,529.5,-54.5,0,
1347041199157,529.5,-54.5,0,
1347041199174,529.5,-54.5,0,
1347041199190,529.5,-54.5,0,
1347041199205,529.5,-54.5,0,
1347041199222,529.5,-54.5,0,
1347041199238,529.5,-54.5,0,
1347041199254,529.5,-54.5,0,
1347041199270,529.5,-54.5,0,
1347041199285,529.5,-54.5,0,
1347041199302,529.5,-54.5,0,
1347041199318,529.5,-54.5,0,
1347041199334,529.5,-54.5,0,
1347041199349,529.5,-54.5,0,
1347041199365,529.5,-54.5,0,
1347041199382,529.5,-54.5,0,
1347041199398,529.5,-54.5,0,
1347041199414,529.5,-54.5,0,
1347041199430,529.5,-54.5,0,
1347041199445,529.5,-54.5,0,
1347041199461,529.5,-54.5,0,
1347041199478,529.5,-54.5,0,
1347041199493,529.5,-54.5,0,
1347041199510,529.5,-54.5,0,
1347041199525,529.5,-54.5,0,
1347041199542,529.5,-54.5,0,
1347041199558,529.5,-54.5,0,
1347041199573,529.5,-54.5,0,
1347041199590,529.5,-54.5,0,
1347041199605,529.5,-54.5,0,
1347041199622,529.5,-54.5,0,
1347041199637,529.5,-54.5,0,
1347041199654,529.5,-54.5,0,
1347041199670,529.5,-54.5,0,
1347041199685,529.5,-54.5,0,
1347041199702,529.5,-54.5,0,
1347041199717,529.5,-54.5,0,
1347041199733,529.5,-54.5,0,
1347041199749,529.5,-54.5,0,
1347041199765,529.5,-54.5,0,
1347041199782,529.5,-54.5,0,
1347041199797,529.5,-54.5,0,
1347041199813,529.5,-54.5,0,
1347041199830,529.5,-54.5,0,
1347041199845,529.5,-54.5,0,
1347041199862,529.5,-54.5,0,
1347041199878,529.5,-54.5,0,
1347041199893,529.5,-54.5,0,
1347041199909,529.5,-54.5,0,
1347041199925,529.5,-54.5,0,
1347041199942,529.5,-54.5,0,
1347041199958,529.5,-54.5,0,
1347041199974,529.5,-54.5,0,
1347041199990,529.5,-54.5,0,
1347041200006,529.5,-54.5,0,
1347041200022,529.5,-54.5,0,
1347041200038,529.5,-54.5,0,
1347041200054,529.5,-54.5,0,
1347041200070,529.5,-54.5,0,
1347041200085,529.5,-54.5,0,
1347041200102,529.5,-54.5,0,
1347041200118,529.5,-54.5,0,
1347041200133,529.5,-54.5,0,
1347041200150,529.5,-54.5,0,
1347041200166,529.5,-54.5,0,
1347041200182,529.5,-54.5,0,
1347041200198,529.5,-54.5,0,
1347041200213,529.5,-54.5,0,
1347041200230,529.5,-54.5,0,
1347041200246,529.5,-54.5,0,
1347041200262,529.5,-54.5,0,
1347041200278,529.5,-54.5,0,
1347041200293,529.5,-54.5,0,
1347041200310,529.5,-54.5,0,
1347041200326,529.5,-54.5,0,
1347041200342,529.5,-54.5,0,
1347041200358,529.5,-54.5,0,
1347041200373,529.5,-54.5,0,
1347041200390,529.5,-54.5,0,
1347041200406,529.5,-54.5,0,
1347041200422,529.5,-54.5,0,
1347041200438,529.5,-54.5,0,
1347041200454,529.5,-54.5,0,
1347041200470,529.5,-54.5,0,
1347041200486,529.5,-54.5,0,
1347041200502,529.5,-54.5,0,
1347041200518,529.5,-54.5,0,
1347041200533,529.5,-54.5,0,
1347041200550,529.5,-54.5,0,
1347041200566,529.5,-54.5,0,
1347041200582,529.5,-54.5,0,
1347041200598,529.5,-54.5,0,
1347041200613,529.5,-54.5,0,
1347041200630,529.5,-54.5,0,
1347041200646,529.5,-54.5,0,
1347041200662,529.5,-54.5,0,
1347041200678,529.5,-54.5,0,
1347041200693,529.5,-54.5,0,
1347041200709,529.5,-54.5,0,
1347041200726,529.5,-54.5,0,
1347041200742,529.5,-54.5,0,
1347041200758,529.5,-54.5,0,
1347041200773,529.5,-54.5,0,
1347041200790,529.5,-54.5,0,
1347041200806,529.5,-54.5,0,
1347041200821,529.5,-54.5,0,
1347041200838,529.5,-54.5,0,
1347041200854,529.5,-54.5,0,
1347041200870,529.5,-54.5,0,
1347041200886,529.5,-54.5,0,
1347041200902,529.5,-54.5,0,
1347041200918,529.5,-54.5,0,
1347041200933,529.5,-54.5,0,
1347041200950,529.5,-54.5,0,
1347041200966,529.5,-54.5,0,
1347041200981,529.5,-54.5,0,
1347041200998,529.5,-54.5,0,
1347041201014,529.5,-54.5,0,
1347041201030,529.5,-54.5,0,
1347041201046,529.5,-54.5,0,
1347041201061,529.5,-54.5,0,
1347041201078,529.5,-54.5,0,
1347041201094,529.5,-54.5,0,
1347041201110,529.5,-54.5,0,
1347041201125,529.5,-54.5,0,
1347041201141,529.5,-54.5,0,
1347041201158,529.5,-54.5,0,
1347041201174,529.5,-54.5,0,
1347041201190,529.5,-54.5,0,
1347041201206,529.5,-54.5,0,
1347041201221,529.5,-54.5,0,
1347041201238,529.5,-54.5,0,
1347041201256,529.5,-54.5,0,
1347041201270,529.5,-54.5,0,
1347041201286,529.5,-54.5,0,
1347041201301,529.5,-54.5,0,
1347041201318,529.5,-54.5,0,
1347041201334,529.5,-54.5,0,
1347041201350,529.5,-54.5,0,
1347041201366,529.5,-54.5,0,
1347041201381,529.5,-54.5,0,
1347041201398,529.5,-54.5,0,
1347041201414,529.5,-54.5,0,
1347041201430,529.5,-54.5,0,
1347041201446,529.5,-54.5,0,
1347041201461,529.5,-54.5,0,
1347041201478,529.5,-54.5,0,
1347041201493,529.5,-54.5,0,
1347041201509,529.5,-54.5,0,
1347041201526,529.5,-54.5,0,
1347041201541,529.5,-54.5,0,
1347041201558,529.5,-54.5,0,
1347041201573,529.5,-54.5,0,
1347041201590,529.5,-54.5,0,
1347041201605,529.5,-54.5,0,
1347041201622,529.5,-54.5,0,
1347041201637,529.5,-54.5,0,
1347041201653,529.5,-54.5,0,
1347041201669,529.5,-54.5,0,
1347041201686,529.5,-54.5,0,
1347041201701,529.5,-54.5,0,
1347041201717,529.5,-54.5,0,
1347041201734,529.5,-54.5,0,
1347041201750,529.5,-54.5,0,
1347041201766,529.5,-54.5,0,
1347041201782,529.5,-54.5,0,
1347041201798,529.5,-54.5,0,
1347041201814,529.5,-54.5,0,
1347041201829,529.5,-54.5,0,
1347041201846,529.5,-54.5,0,
1347041201862,529.5,-54.5,0,
1347041201878,529.5,-54.5,0,
1347041201894,529.5,-54.5,0,
1347041201910,529.5,-54.5,0,
1347041201926,529.5,-54.5,0,
1347041201942,529.5,-54.5,0,
1347041201958,529.5,-54.5,0,
1347041201974,529.5,-54.5,0,
1347041201990,529.5,-54.5,0,
1347041202006,529.5,-54.5,0,
1347041202022,529.5,-54.5,0,
1347041202038,529.5,-54.5,0,
1347041202054,529.5,-54.5,0,
1347041202069,529.5,-54.5,0,
1347041202086,529.5,-54.5,0,
1347041202102,529.5,-54.5,0,
1347041202117,529.5,-54.5,0,
1347041202133,529.5,-54.5,0,
1347041202149,529.5,-54.5,0,
1347041202165,529.5,-54.5,0,
1347041202182,529.5,-54.5,0,
1347041202198,529.5,-54.5,0,
1347041202214,529.5,-54.5,0,
1347041202229,529.5,-54.5,0,
1347041202246,529.5,-54.5,0,
1347041202262,529.5,-54.5,0,
1347041202278,529.5,-54.5,0,
1347041202294,529.5,-54.5,0,
1347041202309,529.5,-54.5,0,
1347041202326,529.5,-54.5,0,
1347041202342,529.5,-54.5,0,
1347041202357,529.5,-54.5,0,
1347041202374,529.5,-54.5,0,
1347041202389,529.5,-54.5,0,
1347041202406,529.5,-54.5,0,
1347041202422,529.5,-54.5,0,
1347041202438,529.5,-54.5,0,
1347041202454,529.5,-54.5,0,
1347041202469,529.5,-54.5,0,
1347041202486,529.5,-54.5,0,
1347041202502,529.5,-54.5,0,
1347041202517,529.5,-54.5,0,
1347041202533,529.5,-54.5,0,
1347041202549,529.5,-54.5,0,
1347041202566,529.5,-54.5,0,
1347041202582,529.5,-54.5,0,
1347041202597,529.5,-54.5,0,
1347041202614,529.5,-54.5,0,
1347041202630,529.5,-54.5,0,
1347041202646,529.5,-54.5,0,
1347041202662,529.5,-54.5,0,
1347041202678,529.5,-54.5,0,
1347041202694,529.5,-54.5,0,
1347041202710,529.5,-54.5,0,
1347041202726,529.5,-54.5,0,
1347041202742,529.5,-54.5,0,
1347041202757,529.5,-54.5,0,
1347041202774,529.5,-54.5,0,
1347041202790,529.5,-54.5,0,
1347041202806,529.5,-54.5,0,
1347041202821,529.5,-54.5,0,
1347041202837,529.5,-54.5,0,
1347041202854,529.5,-54.5,0,
1347041202870,529.5,-54.5,0,
1347041202886,529.5,-54.5,0,
1347041202902,529.5,-54.5,0,
1347041202917,529.5,-54.5,0,
1347041202934,529.5,-54.5,0,
1347041202950,529.5,-54.5,0,
1347041202965,529.5,-54.5,0,
1347041202982,529.5,-54.5,0,
1347041202997,529.5,-54.5,0,
1347041203014,529.5,-54.5,0,
1347041203030,529.5,-54.5,0,
1347041203046,529.5,-54.5,0,
1347041203061,529.5,-54.5,0,
1347041203077,529.5,-54.5,0,
1347041203094,529.5,-54.5,0,
1347041203110,529.5,-54.5,0,
1347041203125,529.5,-54.5,0,
1347041203142,529.5,-54.5,0,
1347041203157,529.5,-54.5,0,
1347041203174,529.5,-54.5,0,
1347041203190,529.5,-54.5,0,
1347041203205,529.5,-54.5,0,
1347041203222,529.5,-54.5,0,
1347041203237,529.5,-54.5,0,
1347041203254,529.5,-54.5,0,
1347041203269,529.5,-54.5,0,
1347041203286,529.5,-54.5,0,
1347041203302,529.5,-54.5,0,
1347041203318,529.5,-54.5,0,
1347041203334,529.5,-54.5,0,
1347041203350,529.5,-54.5,0,
1347041203365,529.5,-54.5,0,
1347041203382,529.5,-54.5,0,
1347041203398,529.5,-54.5,0,
1347041203414,529.5,-54.5,0,
1347041203430,529.5,-54.5,0,
1347041203445,529.5,-54.5,0,
1347041203462,529.5,-54.5,0,
1347041203478,529.5,-54.5,0,
1347041203494,529.5,-54.5,0,
1347041203510,529.5,-54.5,0,
1347041203526,529.5,-54.5,0,
1347041203542,529.5,-54.5,0,
1347041203558,529.5,-54.5,0,
1347041203573,529.5,-54.5,0,
1347041203590,529.5,-54.5,0,
1347041203605,529.5,-54.5,0,
1347041203622,529.5,-54.5,0,
1347041203637,529.5,-54.5,0,
1347041203654,529.5,-54.5,0,
1347041203670,529.5,-54.5,0,
1347041203685,529.5,-54.5,0,
1347041203702,529.5,-54.5,0,
1347041203718,529.5,-54.5,0,
1347041203734,529.5,-54.5,0,
1347041203749,529.5,-54.5,0,
1347041203765,529.5,-54.5,0,
1347041203781,529.5,-54.5,0,
1347041203798,529.5,-54.5,0,
1347041203814,529.5,-54.5,0,
1347041203830,529.5,-54.5,0,
1347041203845,529.5,-54.5,0,
1347041203862,529.5,-54.5,0,
1347041203877,529.5,-54.5,0,
1347041203894,529.5,-54.5,0,
1347041203910,529.5,-54.5,0,
1347041203925,529.5,-54.5,0,
1347041203942,529.5,-54.5,0,
1347041203958,529.5,-54.5,0,
1347041203974,529.5,-54.5,0,
1347041203990,529.5,-54.5,0,
1347041204005,529.5,-54.5,0,
1347041204022,529.5,-54.5,0,
1347041204038,529.5,-54.5,0,
1347041204053,529.5,-54.5,0,
1347041204070,529.5,-54.5,0,
1347041204086,529.5,-54.5,0,
1347041204102,529.5,-54.5,0,
1347041204118,529.5,-54.5,0,
1347041204133,529.5,-54.5,0,
1347041204150,529.5,-54.5,0,
1347041204166,529.5,-54.5,0,
1347041204182,529.5,-54.5,0,
1347041204198,529.5,-54.5,0,
1347041204213,529.5,-54.5,0,
1347041204230,529.5,-54.5,0,
1347041204246,529.5,-54.5,0,
1347041204262,529.5,-54.5,0,
1347041204278,529.5,-54.5,0,
1347041204293,529.5,-54.5,0,
1347041204310,529.5,-54.5,0,
1347041204326,529.5,-54.5,0,
1347041204342,529.5,-54.5,0,
1347041204358,529.5,-54.5,0,
1347041204374,529.5,-54.5,0,
1347041204390,529.5,-54.5,0,
1347041204406,529.5,-54.5,0,
1347041204422,529.5,-54.5,0,
1347041204438,529.5,-54.5,0,
1347041204454,529.5,-54.5,0,
1347041204470,529.5,-54.5,0,
1347041204486,529.5,-54.5,0,
1347041204501,529.5,-54.5,0,
1347041204518,529.5,-54.5,0,
1347041204534,529.5,-54.5,0,
1347041204550,529.5,-54.5,0,
1347041204566,529.5,-54.5,0,
1347041204582,529.5,-54.5,0,
1347041204598,529.5,-54.5,0,
1347041204613,529.5,-54.5,0,
1347041204629,529.5,-54.5,0,
1347041204646,529.5,-54.5,0,
1347041204662,529.5,-54.5,0,
1347041204678,529.5,-54.5,0,
1347041204694,529.5,-54.5,0,
1347041204710,529.5,-54.5,0,
1347041204726,529.5,-54.5,0,
1347041204742,529.5,-54.5,0,
1347041204758,529.5,-54.5,0,
1347041204774,529.5,-54.5,0,
1347041204790,529.5,-54.5,0,
1347041204806,529.5,-54.5,0,
1347041204822,529.5,-54.5,0,
1347041204838,529.5,-54.5,0,
1347041204854,529.5,-54.5,0,
1347041204870,529.5,-54.5,0,
1347041204886,529.5,-54.5,0,
1347041204902,529.5,-54.5,0,
1347041204918,529.5,-54.5,0,
1347041204934,529.5,-54.5,0,
1347041204950,529.5,-54.5,0,
1347041204966,529.5,-54.5,0,
1347041204982,529.5,-54.5,0,
1347041204998,529.5,-54.5,0,
1347041205014,529.5,-54.5,0,
1347041205030,529.5,-54.5,0,
1347041205046,529.5,-54.5,0,
1347041205061,529.5,-54.5,0,
1347041205078,529.5,-54.5,0,
1347041205094,529.5,-54.5,0,
1347041205109,529.5,-54.5,0,
1347041205125,529.5,-54.5,0,
1347041205142,529.5,-54.5,0,
1347041205158,529.5,-54.5,0,
1347041205174,529.5,-54.5,0,
1347041205190,529.5,-54.5,0,
1347041205206,529.5,-54.5,0,
1347041205221,529.5,-54.5,0,
1347041205238,529.5,-54.5,0,
1347041205254,529.5,-54.5,0,
1347041205270,529.5,-54.5,0,
1347041205286,529.5,-54.5,0,
1347041205301,529.5,-54.5,0,
1347041205318,529.5,-54.5,0,
1347041205334,529.5,-54.5,0,
1347041205350,529.5,-54.5,0,
1347041205366,529.5,-54.5,0,
1347041205381,529.5,-54.5,0,
1347041205398,529.5,-54.5,0,
1347041205413,529.5,-54.5,0,
1347041205429,529.5,-54.5,0,
1347041205446,529.5,-54.5,0,
1347041205462,529.5,-54.5,0,
1347041205478,529.5,-54.5,0,
1347041205494,529.5,-54.5,0,
1347041205510,529.5,-54.5,0,
1347041205526,529.5,-54.5,0,
1347041205541,529.5,-54.5,0,
1347041205558,529.5,-54.5,0,
1347041205574,529.5,-54.5,0,
1347041205590,529.5,-54.5,0,
1347041205606,529.5,-54.5,0,
1347041205622,529.5,-54.5,0,
1347041205637,529.5,-54.5,0,
1347041205654,529.5,-54.5,0,
1347041205670,529.5,-54.5,0,
1347041205686,529.5,-54.5,0,
1347041205702,529.5,-54.5,0,
1347041205718,529.5,-54.5,0,
1347041205734,529.5,-54.5,0,
1347041205749,529.5,-54.5,0,
1347041205766,529.5,-54.5,0,
1347041205782,529.5,-54.5,0,
1347041205801,529.5,-54.5,0,
1347041205813,529.5,-54.5,0,
1347041205829,529.5,-54.5,0,
1347041205846,529.5,-54.5,0,
1347041205862,529.5,-54.5,0,
1347041205878,529.5,-54.5,0,
1347041205894,529.5,-54.5,0,
1347041205909,529.5,-54.5,0,
1347041205926,529.5,-54.5,0,
1347041205942,529.5,-54.5,0,
1347041205958,529.5,-54.5,0,
1347041205974,529.5,-54.5,0,
1347041205989,529.5,-54.5,0,
1347041206006,529.5,-54.5,0,
1347041206022,529.5,-54.5,0,
1347041206038,529.5,-54.5,0,
1347041206053,529.5,-54.5,0,
1347041206069,529.5,-54.5,0,
1347041206086,529.5,-54.5,0,
1347041206102,529.5,-54.5,0,
1347041206118,529.5,-54.5,0,
1347041206134,529.5,-54.5,0,
1347041206149,529.5,-54.5,0,
1347041206166,529.5,-54.5,0,
1347041206182,529.5,-54.5,0,
1347041206197,529.5,-54.5,0,
1347041206214,529.5,-54.5,0,
1347041206229,529.5,-54.5,0,
1347041206246,529.5,-54.5,0,
1347041206262,529.5,-54.5,0,
1347041206277,529.5,-54.5,0,
1347041206294,529.5,-54.5,0,
1347041206309,529.5,-54.5,0,
1347041206326,529.5,-54.5,0,
1347041206341,529.5,-54.5,0,
1347041206357,529.5,-54.5,0,
1347041206374,529.5,-54.5,0,
1347041206390,529.5,-54.5,0,
1347041206406,529.5,-54.5,0,
1347041206422,529.5,-54.5,0,
1347041206437,529.5,-54.5,0,
1347041206454,529.5,-54.5,0,
1347041206470,529.5,-54.5,0,
1347041206486,529.5,-54.5,0,
1347041206502,529.5,-54.5,0,
1347041206517,529.5,-54.5,0,
1347041206534,529.5,-54.5,0,
1347041206550,529.5,-54.5,0,
1347041206566,529.5,-54.5,0,
1347041206581,529.5,-54.5,0,
1347041206597,529.5,-54.5,0,
1347041206614,529.5,-54.5,0,
1347041206630,529.5,-54.5,0,
1347041206646,529.5,-54.5,0,
1347041206662,529.5,-54.5,0,
1347041206678,529.5,-54.5,0,
1347041206694,529.5,-54.5,0,
1347041206709,529.5,-54.5,0,
1347041206726,529.5,-54.5,0,
1347041206742,529.5,-54.5,0,
1347041206757,529.5,-54.5,0,
1347041206774,529.5,-54.5,0,
1347041206790,529.5,-54.5,0,
1347041206806,529.5,-54.5,0,
1347041206822,529.5,-54.5,0,
1347041206838,529.5,-54.5,0,
1347041206854,529.5,-54.5,0,
1347041206870,529.5,-54.5,0,
1347041206886,529.5,-54.5,0,
1347041206902,529.5,-54.5,0,
1347041206918,529.5,-54.5,0,
1347041206933,529.5,-54.5,0,
1347041206950,529.5,-54.5,0,
1347041206966,529.5,-54.5,0,
1347041206981,529.5,-54.5,0,
1347041206997,529.5,-54.5,0,
1347041207014,529.5,-54.5,0,
1347041207030,529.5,-54.5,0,
1347041207046,529.5,-54.5,0,
1347041207062,529.5,-54.5,0,
1347041207078,529.5,-54.5,0,
1347041207094,529.5,-54.5,0,
1347041207110,529.5,-54.5,0,
1347041207125,529.5,-54.5,0,
1347041207142,529.5,-54.5,0,
1347041207158,529.5,-54.5,0,
1347041207174,529.5,-54.5,0,
1347041207190,529.5,-54.5,0,
1347041207206,529.5,-54.5,0,
1347041207222,529.5,-54.5,0,
1347041207238,529.5,-54.5,0,
1347041207254,529.5,-54.5,0,
1347041207270,529.5,-54.5,0,
1347041207285,529.5,-54.5,0,
1347041207302,529.5,-54.5,0,
1347041207318,529.5,-54.5,0,
1347041207334,529.5,-54.5,0,
1347041207350,529.5,-54.5,0,
1347041207365,529.5,-54.5,0,
1347041207382,529.5,-54.5,0,
1347041207398,529.5,-54.5,0,
1347041207414,529.5,-54.5,0,
1347041207430,529.5,-54.5,0,
1347041207445,529.5,-54.5,0,
1347041207462,529.5,-54.5,0,
1347041207478,529.5,-54.5,0,
1347041207494,529.5,-54.5,0,
1347041207510,529.5,-54.5,0,
1347041207525,529.5,-54.5,0,
1347041207542,529.5,-54.5,0,
1347041207558,529.5,-54.5,0,
1347041207574,529.5,-54.5,0,
1347041207590,529.5,-54.5,0,
1347041207605,529.5,-54.5,0,
1347041207622,529.5,-54.5,0,
1347041207638,529.5,-54.5,0,
1347041207654,529.5,-54.5,0,
1347041207670,529.5,-54.5,0,
1347041207686,529.5,-54.5,0,
1347041207701,529.5,-54.5,0,
1347041207718,529.5,-54.5,0,
1347041207733,529.5,-54.5,0,
1347041207750,529.5,-54.5,0,
1347041207765,529.5,-54.5,0,
1347041207781,529.5,-54.5,0,
1347041207798,529.5,-54.5,0,
1347041207814,529.5,-54.5,0,
1347041207830,529.5,-54.5,0,
1347041207845,529.5,-54.5,0,
1347041207862,529.5,-54.5,0,
1347041207877,529.5,-54.5,0,
1347041207893,529.5,-54.5,0,
1347041207910,529.5,-54.5,0,
1347041207926,529.5,-54.5,0,
1347041207942,529.5,-54.5,0,
