time,x,y,owner1347041182306,635.5,-54.5,
1347041182342,602.5,-54.5,GRAVEDIGGER1
1347041182342,602.5,-54.5,GRAVEDIGGER1
1347041182357,602.5,-54.5,GRAVEDIGGER1
1347041182373,602.5,-54.5,GRAVEDIGGER1
1347041182389,602.5,-54.5,GRAVEDIGGER1
1347041182405,602.5,-54.5,GRAVEDIGGER1
1347041182421,602.5,-54.5,GRAVEDIGGER1
1347041182437,602.5,-54.5,GRAVEDIGGER1
1347041182453,602.5,-54.5,GRAVEDIGGER1
1347041182469,602.5,-54.5,GRAVEDIGGER1
1347041182485,602.5,-54.5,GRAVEDIGGER1
1347041182501,602.5,-54.5,GRAVEDIGGER1
1347041182517,602.5,-54.5,GRAVEDIGGER1
1347041182533,602.5,-54.5,GRAVEDIGGER1
1347041182549,602.5,-54.5,GRAVEDIGGER1
1347041182565,602.5,-54.5,GRAVEDIGGER1
1347041182581,602.5,-54.5,GRAVEDIGGER1
1347041182597,602.5,-54.5,GRAVEDIGGER1
1347041182619,602.5,-54.5,GRAVEDIGGER1
1347041182629,602.5,-54.5,GRAVEDIGGER1
1347041182645,602.5,-54.5,GRAVEDIGGER1
1347041182661,602.5,-54.5,GRAVEDIGGER1
1347041182677,602.5,-54.5,GRAVEDIGGER1
1347041182693,602.5,-54.5,GRAVEDIGGER1
1347041182709,602.5,-54.5,GRAVEDIGGER1
1347041182725,602.5,-54.5,GRAVEDIGGER1
1347041182741,602.5,-54.5,GRAVEDIGGER1
1347041182757,602.5,-54.5,GRAVEDIGGER1
1347041182773,602.5,-54.5,GRAVEDIGGER1
1347041182789,602.5,-54.5,GRAVEDIGGER1
1347041182805,602.5,-54.5,GRAVEDIGGER1
1347041182821,602.5,-54.5,GRAVEDIGGER1
1347041182843,602.5,-54.5,GRAVEDIGGER1
1347041182853,602.5,-54.5,GRAVEDIGGER1
1347041182869,602.5,-54.5,GRAVEDIGGER1
1347041182885,602.5,-54.5,GRAVEDIGGER1
1347041182901,602.5,-54.5,GRAVEDIGGER1
1347041182917,602.5,-54.5,GRAVEDIGGER1
1347041182933,602.5,-54.5,GRAVEDIGGER1
1347041182949,602.5,-54.5,GRAVEDIGGER1
1347041182965,602.5,-54.5,GRAVEDIGGER1
1347041182981,602.5,-54.5,GRAVEDIGGER1
1347041182997,602.5,-54.5,GRAVEDIGGER1
1347041183013,602.5,-54.5,GRAVEDIGGER1
1347041183029,602.5,-54.5,GRAVEDIGGER1
1347041183045,602.5,-54.5,GRAVEDIGGER1
1347041183061,602.5,-54.5,GRAVEDIGGER1
1347041183077,602.5,-54.5,GRAVEDIGGER1
1347041183093,602.5,-54.5,GRAVEDIGGER1
1347041183109,602.5,-54.5,GRAVEDIGGER1
1347041183125,602.0665720419362,-52.54752971721242,GRAVEDIGGER1
1347041183142,602.0665720419362,-52.54752971721242,GRAVEDIGGER1
1347041183157,602.0665720419362,-52.54752971721242,GRAVEDIGGER1
1347041183174,601.6331440838724,-50.59505943442484,GRAVEDIGGER1
1347041183190,601.6331440838724,-50.59505943442484,GRAVEDIGGER1
1347041183205,601.6331440838724,-50.59505943442484,GRAVEDIGGER1
1347041183221,601.1997161258085,-48.64258915163726,GRAVEDIGGER1
1347041183237,601.1997161258085,-48.64258915163726,GRAVEDIGGER1
1347041183253,601.1997161258085,-48.64258915163726,GRAVEDIGGER1
1347041183269,600.7662881677447,-46.69011886884968,GRAVEDIGGER1
1347041183285,600.7662881677447,-46.69011886884968,GRAVEDIGGER1
1347041183301,600.7662881677447,-46.69011886884968,GRAVEDIGGER1
1347041183317,600.3328602096809,-44.7376485860621,GRAVEDIGGER1
1347041183333,600.3328602096809,-44.7376485860621,GRAVEDIGGER1
1347041183349,600.3328602096809,-44.7376485860621,GRAVEDIGGER1
1347041183365,600.3328602096809,-44.7376485860621,GRAVEDIGGER1
1347041183381,599.8994322516171,-42.78517830327452,GRAVEDIGGER1
1347041183397,599.8994322516171,-42.78517830327452,GRAVEDIGGER1
1347041183413,599.8994322516171,-42.78517830327452,GRAVEDIGGER1
1347041183429,599.4660042935533,-40.83270802048694,GRAVEDIGGER1
1347041183445,599.4660042935533,-40.83270802048694,GRAVEDIGGER1
1347041183461,599.4660042935533,-40.83270802048694,GRAVEDIGGER1
1347041183477,599.0325763354895,-38.88023773769936,GRAVEDIGGER1
1347041183493,599.0325763354895,-38.88023773769936,GRAVEDIGGER1
1347041183509,599.0325763354895,-38.88023773769936,GRAVEDIGGER1
1347041183525,598.5991483774256,-36.92776745491178,GRAVEDIGGER1
1347041183541,598.5991483774256,-36.92776745491178,GRAVEDIGGER1
1347041183557,598.5991483774256,-36.92776745491178,GRAVEDIGGER1
1347041183573,598.1657204193618,-34.9752971721242,GRAVEDIGGER1
1347041183589,598.1657204193618,-34.9752971721242,GRAVEDIGGER1
1347041183605,598.1657204193618,-34.9752971721242,GRAVEDIGGER1
1347041183622,597.732292461298,-33.02282688933662,GRAVEDIGGER1
1347041183637,597.732292461298,-33.02282688933662,GRAVEDIGGER1
1347041183653,597.732292461298,-33.02282688933662,GRAVEDIGGER1
1347041183669,597.2988645032342,-31.07035660654904,GRAVEDIGGER1
1347041183685,597.2988645032342,-31.07035660654904,GRAVEDIGGER1
1347041183701,597.2988645032342,-31.07035660654904,GRAVEDIGGER1
1347041183717,597.2988645032342,-31.07035660654904,GRAVEDIGGER1
1347041183733,596.8654365451704,-29.11788632376146,GRAVEDIGGER1
1347041183749,596.8654365451704,-29.11788632376146,GRAVEDIGGER1
1347041183765,596.8654365451704,-29.11788632376146,GRAVEDIGGER1
1347041183781,596.4320085871066,-27.16541604097388,GRAVEDIGGER1
1347041183797,596.4320085871066,-27.16541604097388,GRAVEDIGGER1
1347041183813,596.4320085871066,-27.16541604097388,GRAVEDIGGER1
1347041183829,595.9985806290427,-25.2129457581863,GRAVEDIGGER1
1347041183845,595.9985806290427,-25.2129457581863,GRAVEDIGGER1
1347041183861,595.9985806290427,-25.2129457581863,GRAVEDIGGER1
1347041183877,595.5651526709789,-23.26047547539872,GRAVEDIGGER1
1347041183893,595.5651526709789,-23.26047547539872,GRAVEDIGGER1
1347041183909,595.5651526709789,-23.26047547539872,GRAVEDIGGER1
1347041183925,595.1317247129151,-21.30800519261114,GRAVEDIGGER1
1347041183941,595.1317247129151,-21.30800519261114,GRAVEDIGGER1
1347041183957,595.1317247129151,-21.30800519261114,GRAVEDIGGER1
1347041183973,594.6982967548513,-19.35553490982356,GRAVEDIGGER1
1347041183989,594.6982967548513,-19.35553490982356,GRAVEDIGGER1
1347041184005,594.6982967548513,-19.35553490982356,GRAVEDIGGER1
1347041184021,594.2648687967875,-17.40306462703598,GRAVEDIGGER1
1347041184037,594.2648687967875,-17.40306462703598,GRAVEDIGGER1
1347041184053,594.2648687967875,-17.40306462703598,GRAVEDIGGER1
1347041184069,593.8314408387237,-15.450594344248401,GRAVEDIGGER1
1347041184085,593.8314408387237,-15.450594344248401,GRAVEDIGGER1
1347041184101,593.8314408387237,-15.450594344248401,GRAVEDIGGER1
1347041184117,593.8314408387237,-15.450594344248401,GRAVEDIGGER1
1347041184133,593.3980128806598,-13.498124061460821,GRAVEDIGGER1
1347041184149,593.3980128806598,-13.498124061460821,GRAVEDIGGER1
1347041184165,593.3980128806598,-13.498124061460821,GRAVEDIGGER1
1347041184181,592.964584922596,-11.545653778673241,GRAVEDIGGER1
1347041184197,592.964584922596,-11.545653778673241,GRAVEDIGGER1
1347041184213,592.964584922596,-11.545653778673241,GRAVEDIGGER1
1347041184229,592.5311569645322,-9.593183495885663,GRAVEDIGGER1
1347041184245,592.5311569645322,-9.593183495885663,GRAVEDIGGER1
1347041184261,592.5311569645322,-9.593183495885663,GRAVEDIGGER1
1347041184277,592.0977290064684,-7.640713213098084,GRAVEDIGGER1
1347041184293,592.0977290064684,-7.640713213098084,GRAVEDIGGER1
1347041184309,592.0977290064684,-7.640713213098084,GRAVEDIGGER1
1347041184325,591.6643010484046,-5.688242930310505,GRAVEDIGGER1
1347041184341,591.6643010484046,-5.688242930310505,GRAVEDIGGER1
1347041184357,591.6643010484046,-5.688242930310505,GRAVEDIGGER1
1347041184373,591.2308730903408,-3.735772647522926,GRAVEDIGGER1
1347041184389,591.2308730903408,-3.735772647522926,GRAVEDIGGER1
1347041184405,591.2308730903408,-3.735772647522926,GRAVEDIGGER1
1347041184421,590.797445132277,-1.783302364735347,GRAVEDIGGER1
1347041184437,590.797445132277,-1.783302364735347,GRAVEDIGGER1
1347041184453,590.797445132277,-1.783302364735347,GRAVEDIGGER1
1347041184469,590.3640171742131,0.16916791805223186,GRAVEDIGGER1
1347041184486,590.3640171742131,0.16916791805223186,GRAVEDIGGER1
1347041184501,590.3640171742131,0.16916791805223186,GRAVEDIGGER1
1347041184517,590.3640171742131,0.16916791805223186,GRAVEDIGGER1
1347041184533,589.9305892161493,2.1216382008398105,GRAVEDIGGER1
1347041184549,589.9305892161493,2.1216382008398105,GRAVEDIGGER1
1347041184565,589.9305892161493,2.1216382008398105,GRAVEDIGGER1
1347041184581,589.4971612580855,4.0741084836273895,GRAVEDIGGER1
1347041184597,589.4971612580855,4.0741084836273895,GRAVEDIGGER1
1347041184613,589.4971612580855,4.0741084836273895,GRAVEDIGGER1
1347041184629,589.0637333000217,6.026578766414968,GRAVEDIGGER1
1347041184645,589.0637333000217,6.026578766414968,GRAVEDIGGER1
1347041184661,589.0637333000217,6.026578766414968,GRAVEDIGGER1
1347041184677,588.6303053419579,7.979049049202546,GRAVEDIGGER1
1347041184693,588.6303053419579,7.979049049202546,GRAVEDIGGER1
1347041184709,588.6303053419579,7.979049049202546,GRAVEDIGGER1
1347041184725,588.196877383894,9.931519331990124,GRAVEDIGGER1
1347041184741,588.196877383894,9.931519331990124,GRAVEDIGGER1
1347041184757,588.196877383894,9.931519331990124,GRAVEDIGGER1
1347041184773,587.7634494258302,11.883989614777702,GRAVEDIGGER1
1347041184789,587.7634494258302,11.883989614777702,GRAVEDIGGER1
1347041184805,587.7634494258302,11.883989614777702,GRAVEDIGGER1
1347041184821,587.3300214677664,13.83645989756528,GRAVEDIGGER1
1347041184837,587.3300214677664,13.83645989756528,GRAVEDIGGER1
1347041184853,587.3300214677664,13.83645989756528,GRAVEDIGGER1
1347041184869,586.8965935097026,15.788930180352859,GRAVEDIGGER1
1347041184885,586.8965935097026,15.788930180352859,GRAVEDIGGER1
1347041184901,586.8965935097026,15.788930180352859,GRAVEDIGGER1
1347041184917,586.8965935097026,15.788930180352859,GRAVEDIGGER1
1347041184933,586.4631655516388,17.741400463140437,GRAVEDIGGER1
1347041184949,586.4631655516388,17.741400463140437,GRAVEDIGGER1
1347041184965,586.4631655516388,17.741400463140437,GRAVEDIGGER1
1347041184981,586.029737593575,19.693870745928017,GRAVEDIGGER1
1347041184997,586.029737593575,19.693870745928017,GRAVEDIGGER1
1347041185014,586.029737593575,19.693870745928017,GRAVEDIGGER1
1347041185029,585.5963096355111,21.646341028715597,GRAVEDIGGER1
1347041185045,585.5963096355111,21.646341028715597,GRAVEDIGGER1
1347041185062,585.5963096355111,21.646341028715597,GRAVEDIGGER1
1347041185077,585.1628816774473,23.598811311503177,GRAVEDIGGER1
1347041185093,585.1628816774473,23.598811311503177,GRAVEDIGGER1
1347041185109,585.1628816774473,23.598811311503177,GRAVEDIGGER1
1347041185125,584.7294537193835,25.551281594290757,GRAVEDIGGER1
1347041185141,584.7294537193835,25.551281594290757,GRAVEDIGGER1
1347041185157,584.7294537193835,25.551281594290757,GRAVEDIGGER1
1347041185173,584.2960257613197,27.503751877078336,GRAVEDIGGER1
1347041185189,584.2960257613197,27.503751877078336,GRAVEDIGGER1
1347041185205,584.2960257613197,27.503751877078336,GRAVEDIGGER1
1347041185221,583.8625978032559,29.456222159865916,GRAVEDIGGER1
1347041185237,583.8625978032559,29.456222159865916,GRAVEDIGGER1
1347041185253,583.8625978032559,29.456222159865916,GRAVEDIGGER1
1347041185269,583.8625978032559,29.456222159865916,GRAVEDIGGER1
1347041185285,583.4291698451921,31.408692442653496,GRAVEDIGGER1
1347041185301,583.4291698451921,31.408692442653496,GRAVEDIGGER1
1347041185317,583.4291698451921,31.408692442653496,GRAVEDIGGER1
1347041185333,582.9957418871282,33.361162725441076,GRAVEDIGGER1
1347041185349,582.9957418871282,33.361162725441076,GRAVEDIGGER1
1347041185365,582.9957418871282,33.361162725441076,GRAVEDIGGER1
1347041185381,582.5623139290644,35.313633008228656,GRAVEDIGGER1
1347041185397,582.5623139290644,35.313633008228656,GRAVEDIGGER1
1347041185413,582.5623139290644,35.313633008228656,GRAVEDIGGER1
1347041185429,582.1288859710006,37.266103291016236,GRAVEDIGGER1
1347041185445,582.1288859710006,37.266103291016236,GRAVEDIGGER1
1347041185461,582.1288859710006,37.266103291016236,GRAVEDIGGER1
1347041185477,581.6954580129368,39.218573573803816,GRAVEDIGGER1
1347041185493,581.6954580129368,39.218573573803816,GRAVEDIGGER1
1347041185509,581.6954580129368,39.218573573803816,GRAVEDIGGER1
1347041185525,581.262030054873,41.171043856591396,GRAVEDIGGER1
1347041185541,581.262030054873,41.171043856591396,GRAVEDIGGER1
1347041185557,581.262030054873,41.171043856591396,GRAVEDIGGER1
1347041185573,580.8286020968092,43.123514139378976,GRAVEDIGGER1
1347041185589,580.8286020968092,43.123514139378976,GRAVEDIGGER1
1347041185605,580.8286020968092,43.123514139378976,GRAVEDIGGER1
1347041185621,580.3951741387453,45.075984422166556,GRAVEDIGGER1
1347041185637,580.3951741387453,45.075984422166556,GRAVEDIGGER1
1347041185653,580.3951741387453,45.075984422166556,GRAVEDIGGER1
1347041185669,580.3951741387453,45.075984422166556,GRAVEDIGGER1
1347041185685,579.9617461806815,47.028454704954136,GRAVEDIGGER1
1347041185701,579.9617461806815,47.028454704954136,GRAVEDIGGER1
1347041185717,579.9617461806815,47.028454704954136,GRAVEDIGGER1
1347041185733,579.5283182226177,48.980924987741716,GRAVEDIGGER1
1347041185749,579.5283182226177,48.980924987741716,GRAVEDIGGER1
1347041185765,579.5283182226177,48.980924987741716,GRAVEDIGGER1
1347041185781,579.0948902645539,50.933395270529296,GRAVEDIGGER1
1347041185797,579.0948902645539,50.933395270529296,GRAVEDIGGER1
1347041185813,579.0948902645539,50.933395270529296,GRAVEDIGGER1
1347041185829,578.6614623064901,52.885865553316876,GRAVEDIGGER1
1347041185845,578.6614623064901,52.885865553316876,GRAVEDIGGER1
1347041185861,578.6614623064901,52.885865553316876,GRAVEDIGGER1
1347041185877,578.2280343484263,54.838335836104456,GRAVEDIGGER1
1347041185893,578.2280343484263,54.838335836104456,GRAVEDIGGER1
1347041185909,578.2280343484263,54.838335836104456,GRAVEDIGGER1
1347041185925,577.7946063903624,56.790806118892036,GRAVEDIGGER1
1347041185941,577.7946063903624,56.790806118892036,GRAVEDIGGER1
1347041185957,577.7946063903624,56.790806118892036,GRAVEDIGGER1
1347041185973,577.3611784322986,58.743276401679616,GRAVEDIGGER1
1347041185989,577.3611784322986,58.743276401679616,GRAVEDIGGER1
1347041186005,577.3611784322986,58.743276401679616,GRAVEDIGGER1
1347041186021,577.3611784322986,58.743276401679616,GRAVEDIGGER1
1347041186037,576.9277504742348,60.695746684467196,GRAVEDIGGER1
1347041186053,576.9277504742348,60.695746684467196,GRAVEDIGGER1
1347041186069,576.9277504742348,60.695746684467196,GRAVEDIGGER1
1347041186085,576.494322516171,62.648216967254776,GRAVEDIGGER1
1347041186101,576.494322516171,62.648216967254776,GRAVEDIGGER1
1347041186117,576.494322516171,62.648216967254776,GRAVEDIGGER1
1347041186133,576.0608945581072,64.60068725004236,GRAVEDIGGER1
1347041186149,576.0608945581072,64.60068725004236,GRAVEDIGGER1
1347041186165,576.0608945581072,64.60068725004236,GRAVEDIGGER1
1347041186181,575.6274666000434,66.55315753282993,GRAVEDIGGER1
1347041186197,575.6274666000434,66.55315753282993,GRAVEDIGGER1
1347041186213,575.6274666000434,66.55315753282993,GRAVEDIGGER1
1347041186229,575.1940386419795,68.5056278156175,GRAVEDIGGER1
1347041186245,575.1940386419795,68.5056278156175,GRAVEDIGGER1
1347041186261,575.1940386419795,68.5056278156175,GRAVEDIGGER1
1347041186277,574.7606106839157,70.45809809840507,GRAVEDIGGER1
1347041186293,574.7606106839157,70.45809809840507,GRAVEDIGGER1
1347041186309,574.7606106839157,70.45809809840507,GRAVEDIGGER1
1347041186325,574.3271827258519,72.41056838119265,GRAVEDIGGER1
1347041186341,574.3271827258519,72.41056838119265,GRAVEDIGGER1
1347041186357,574.3271827258519,72.41056838119265,GRAVEDIGGER1
1347041186373,573.8937547677881,74.36303866398022,GRAVEDIGGER1
1347041186389,573.8937547677881,74.36303866398022,GRAVEDIGGER1
1347041186405,573.8937547677881,74.36303866398022,GRAVEDIGGER1
1347041186421,573.8937547677881,74.36303866398022,GRAVEDIGGER1
1347041186437,573.4603268097243,76.31550894676779,GRAVEDIGGER1
1347041186453,573.4603268097243,76.31550894676779,GRAVEDIGGER1
1347041186469,573.4603268097243,76.31550894676779,GRAVEDIGGER1
1347041186485,573.0268988516605,78.26797922955537,GRAVEDIGGER1
1347041186501,573.0268988516605,78.26797922955537,GRAVEDIGGER1
1347041186517,573.0268988516605,78.26797922955537,GRAVEDIGGER1
1347041186533,572.5934708935966,80.22044951234294,GRAVEDIGGER1
1347041186549,572.5934708935966,80.22044951234294,GRAVEDIGGER1
1347041186565,572.5934708935966,80.22044951234294,GRAVEDIGGER1
1347041186581,572.1600429355328,82.17291979513051,GRAVEDIGGER1
1347041186597,572.1600429355328,82.17291979513051,GRAVEDIGGER1
1347041186613,572.1600429355328,82.17291979513051,GRAVEDIGGER1
1347041186629,571.726614977469,84.12539007791808,GRAVEDIGGER1
1347041186645,571.726614977469,84.12539007791808,GRAVEDIGGER1
1347041186661,571.726614977469,84.12539007791808,GRAVEDIGGER1
1347041186677,571.2931870194052,86.07786036070566,GRAVEDIGGER1
1347041186693,571.2931870194052,86.07786036070566,GRAVEDIGGER1
1347041186709,571.2931870194052,86.07786036070566,GRAVEDIGGER1
1347041186725,570.8597590613414,88.03033064349323,GRAVEDIGGER1
1347041186741,570.8597590613414,88.03033064349323,GRAVEDIGGER1
1347041186757,570.8597590613414,88.03033064349323,GRAVEDIGGER1
1347041186773,570.8597590613414,88.03033064349323,GRAVEDIGGER1
1347041186789,570.4263311032776,89.9828009262808,GRAVEDIGGER1
1347041186805,570.4263311032776,89.9828009262808,GRAVEDIGGER1
1347041186821,570.4263311032776,89.9828009262808,GRAVEDIGGER1
1347041186837,569.9929031452137,91.93527120906838,GRAVEDIGGER1
1347041186853,569.9929031452137,91.93527120906838,GRAVEDIGGER1
1347041186869,569.9929031452137,91.93527120906838,GRAVEDIGGER1
1347041186885,569.5594751871499,93.88774149185595,GRAVEDIGGER1
1347041186901,569.5594751871499,93.88774149185595,GRAVEDIGGER1
1347041186917,569.5594751871499,93.88774149185595,GRAVEDIGGER1
1347041186933,569.1260472290861,95.84021177464352,GRAVEDIGGER1
1347041186949,569.1260472290861,95.84021177464352,GRAVEDIGGER1
1347041186965,569.1260472290861,95.84021177464352,GRAVEDIGGER1
1347041186981,568.6926192710223,97.7926820574311,GRAVEDIGGER1
1347041186997,568.6926192710223,97.7926820574311,GRAVEDIGGER1
1347041187013,568.6926192710223,97.7926820574311,GRAVEDIGGER1
1347041187029,568.2591913129585,99.74515234021867,GRAVEDIGGER1
1347041187046,568.2591913129585,99.74515234021867,GRAVEDIGGER1
1347041187061,568.2591913129585,99.74515234021867,GRAVEDIGGER1
1347041187077,567.8257633548947,101.69762262300624,GRAVEDIGGER1
1347041187093,567.8257633548947,101.69762262300624,GRAVEDIGGER1
1347041187109,567.8257633548947,101.69762262300624,GRAVEDIGGER1
1347041187125,567.3923353968308,103.65009290579381,GRAVEDIGGER1
1347041187141,567.3923353968308,103.65009290579381,GRAVEDIGGER1
1347041187157,567.3923353968308,103.65009290579381,GRAVEDIGGER1
1347041187173,567.3923353968308,103.65009290579381,GRAVEDIGGER1
1347041187189,566.958907438767,105.60256318858139,GRAVEDIGGER1
1347041187205,566.958907438767,105.60256318858139,GRAVEDIGGER1
1347041187221,566.958907438767,105.60256318858139,GRAVEDIGGER1
1347041187237,566.5254794807032,107.55503347136896,GRAVEDIGGER1
1347041187253,566.5254794807032,107.55503347136896,GRAVEDIGGER1
1347041187269,566.5254794807032,107.55503347136896,GRAVEDIGGER1
1347041187285,566.0920515226394,109.50750375415653,GRAVEDIGGER1
1347041187301,566.0920515226394,109.50750375415653,GRAVEDIGGER1
1347041187317,566.0920515226394,109.50750375415653,GRAVEDIGGER1
1347041187333,565.6586235645756,111.4599740369441,GRAVEDIGGER1
1347041187349,565.6586235645756,111.4599740369441,GRAVEDIGGER1
1347041187365,565.6586235645756,111.4599740369441,GRAVEDIGGER1
1347041187381,565.2251956065118,113.41244431973168,GRAVEDIGGER1
1347041187397,565.2251956065118,113.41244431973168,GRAVEDIGGER1
1347041187413,565.2251956065118,113.41244431973168,GRAVEDIGGER1
1347041187429,564.791767648448,115.36491460251925,GRAVEDIGGER1
1347041187445,564.791767648448,115.36491460251925,GRAVEDIGGER1
1347041187461,564.791767648448,115.36491460251925,GRAVEDIGGER1
1347041187477,564.3583396903841,117.31738488530682,GRAVEDIGGER1
1347041187493,564.3583396903841,117.31738488530682,GRAVEDIGGER1
1347041187509,564.3583396903841,117.31738488530682,GRAVEDIGGER1
1347041187525,564.3583396903841,117.31738488530682,GRAVEDIGGER1
1347041187541,563.9249117323203,119.2698551680944,GRAVEDIGGER1
1347041187557,563.9249117323203,119.2698551680944,GRAVEDIGGER1
1347041187573,563.9249117323203,119.2698551680944,GRAVEDIGGER1
1347041187589,563.4914837742565,121.22232545088197,GRAVEDIGGER1
1347041187605,563.4914837742565,121.22232545088197,GRAVEDIGGER1
1347041187621,563.4914837742565,121.22232545088197,GRAVEDIGGER1
1347041187637,563.0580558161927,123.17479573366954,GRAVEDIGGER1
1347041187653,563.0580558161927,123.17479573366954,GRAVEDIGGER1
1347041187669,563.0580558161927,123.17479573366954,GRAVEDIGGER1
1347041187685,562.6246278581289,125.12726601645711,GRAVEDIGGER1
1347041187701,562.6246278581289,125.12726601645711,GRAVEDIGGER1
1347041187717,562.6246278581289,125.12726601645711,GRAVEDIGGER1
1347041187733,562.191199900065,127.07973629924469,GRAVEDIGGER1
1347041187749,562.191199900065,127.07973629924469,GRAVEDIGGER1
1347041187765,562.191199900065,127.07973629924469,GRAVEDIGGER1
1347041187781,561.7577719420012,129.03220658203227,GRAVEDIGGER1
1347041187797,561.7577719420012,129.03220658203227,GRAVEDIGGER1
1347041187813,561.7577719420012,129.03220658203227,GRAVEDIGGER1
1347041187829,561.3243439839374,130.98467686481985,GRAVEDIGGER1
1347041187845,561.3243439839374,130.98467686481985,GRAVEDIGGER1
1347041187861,561.3243439839374,130.98467686481985,GRAVEDIGGER1
1347041187877,560.8909160258736,132.93714714760742,GRAVEDIGGER1
1347041187893,560.8909160258736,132.93714714760742,GRAVEDIGGER1
1347041187909,560.8909160258736,132.93714714760742,GRAVEDIGGER1
1347041187925,560.8909160258736,132.93714714760742,GRAVEDIGGER1
1347041187941,560.4574880678098,134.889617430395,GRAVEDIGGER1
1347041187957,560.4574880678098,134.889617430395,GRAVEDIGGER1
1347041187973,560.4574880678098,134.889617430395,GRAVEDIGGER1
1347041187989,560.024060109746,136.84208771318256,GRAVEDIGGER1
1347041188005,560.024060109746,136.84208771318256,GRAVEDIGGER1
1347041188021,560.024060109746,136.84208771318256,GRAVEDIGGER1
1347041188037,559.5906321516821,138.79455799597014,GRAVEDIGGER1
1347041188053,559.5906321516821,138.79455799597014,GRAVEDIGGER1
1347041188070,559.5906321516821,138.79455799597014,GRAVEDIGGER1
1347041188085,559.1572041936183,140.7470282787577,GRAVEDIGGER1
1347041188101,559.1572041936183,140.7470282787577,GRAVEDIGGER1
1347041188117,559.1572041936183,140.7470282787577,GRAVEDIGGER1
1347041188133,558.7237762355545,142.69949856154528,GRAVEDIGGER1
1347041188149,558.7237762355545,142.69949856154528,GRAVEDIGGER1
1347041188165,558.7237762355545,142.69949856154528,GRAVEDIGGER1
1347041188181,558.2903482774907,144.65196884433286,GRAVEDIGGER1
1347041188197,558.2903482774907,144.65196884433286,GRAVEDIGGER1
1347041188213,558.2903482774907,144.65196884433286,GRAVEDIGGER1
1347041188229,557.8569203194269,146.60443912712043,GRAVEDIGGER1
1347041188245,557.8569203194269,146.60443912712043,GRAVEDIGGER1
1347041188261,557.8569203194269,146.60443912712043,GRAVEDIGGER1
1347041188277,557.8569203194269,146.60443912712043,GRAVEDIGGER1
1347041188293,557.4234923613631,148.556909409908,GRAVEDIGGER1
1347041188309,557.4234923613631,148.556909409908,GRAVEDIGGER1
1347041188325,557.4234923613631,148.556909409908,GRAVEDIGGER1
1347041188341,556.9900644032992,150.50937969269557,GRAVEDIGGER1
1347041188357,556.9900644032992,150.50937969269557,GRAVEDIGGER1
1347041188373,556.9900644032992,150.50937969269557,GRAVEDIGGER1
1347041188389,556.5566364452354,152.46184997548315,GRAVEDIGGER1
1347041188405,556.5566364452354,152.46184997548315,GRAVEDIGGER1
1347041188421,556.5566364452354,152.46184997548315,GRAVEDIGGER1
1347041188437,556.1232084871716,154.41432025827072,GRAVEDIGGER1
1347041188453,556.1232084871716,154.41432025827072,GRAVEDIGGER1
1347041188469,556.1232084871716,154.41432025827072,GRAVEDIGGER1
1347041188485,555.6897805291078,156.3667905410583,GRAVEDIGGER1
1347041188501,555.6897805291078,156.3667905410583,GRAVEDIGGER1
1347041188517,555.6897805291078,156.3667905410583,GRAVEDIGGER1
1347041188533,555.256352571044,158.31926082384587,GRAVEDIGGER1
1347041188549,555.256352571044,158.31926082384587,GRAVEDIGGER1
1347041188565,555.256352571044,158.31926082384587,GRAVEDIGGER1
1347041188581,554.8229246129802,160.27173110663344,GRAVEDIGGER1
1347041188597,554.8229246129802,160.27173110663344,GRAVEDIGGER1
1347041188613,554.8229246129802,160.27173110663344,GRAVEDIGGER1
1347041188629,554.3894966549163,162.224201389421,GRAVEDIGGER1
1347041188645,554.3894966549163,162.224201389421,GRAVEDIGGER1
1347041188661,554.3894966549163,162.224201389421,GRAVEDIGGER1
1347041188677,554.3894966549163,162.224201389421,GRAVEDIGGER1
1347041188693,553.9560686968525,164.17667167220858,GRAVEDIGGER1
1347041188709,553.9560686968525,164.17667167220858,GRAVEDIGGER1
1347041188725,553.9560686968525,164.17667167220858,GRAVEDIGGER1
1347041188741,553.5226407387887,166.12914195499616,GRAVEDIGGER1
1347041188757,553.5226407387887,166.12914195499616,GRAVEDIGGER1
1347041188773,553.5226407387887,166.12914195499616,GRAVEDIGGER1
1347041188789,553.0892127807249,168.08161223778373,GRAVEDIGGER1
1347041188805,553.0892127807249,168.08161223778373,GRAVEDIGGER1
1347041188821,553.0892127807249,168.08161223778373,GRAVEDIGGER1
1347041188837,552.6557848226611,170.0340825205713,GRAVEDIGGER1
1347041188853,552.6557848226611,170.0340825205713,GRAVEDIGGER1
1347041188869,552.6557848226611,170.0340825205713,GRAVEDIGGER1
1347041188885,552.2223568645973,171.98655280335888,GRAVEDIGGER1
1347041188901,552.2223568645973,171.98655280335888,GRAVEDIGGER1
1347041188917,552.2223568645973,171.98655280335888,GRAVEDIGGER1
1347041188933,551.7889289065334,173.93902308614645,GRAVEDIGGER1
1347041188949,551.7889289065334,173.93902308614645,GRAVEDIGGER1
1347041188965,551.7889289065334,173.93902308614645,GRAVEDIGGER1
1347041188981,551.3555009484696,175.89149336893402,GRAVEDIGGER1
1347041188997,551.3555009484696,175.89149336893402,GRAVEDIGGER1
1347041189013,551.3555009484696,175.89149336893402,GRAVEDIGGER1
1347041189029,550.9220729904058,177.8439636517216,GRAVEDIGGER1
1347041189045,550.9220729904058,177.8439636517216,GRAVEDIGGER1
1347041189061,550.9220729904058,177.8439636517216,GRAVEDIGGER1
1347041189077,550.9220729904058,177.8439636517216,GRAVEDIGGER1
1347041189093,550.488645032342,179.79643393450917,GRAVEDIGGER1
1347041189109,550.488645032342,179.79643393450917,GRAVEDIGGER1
1347041189125,550.488645032342,179.79643393450917,GRAVEDIGGER1
1347041189141,550.0552170742782,181.74890421729674,GRAVEDIGGER1
1347041189157,550.0552170742782,181.74890421729674,GRAVEDIGGER1
1347041189173,550.0552170742782,181.74890421729674,GRAVEDIGGER1
1347041189189,549.6217891162144,183.7013745000843,GRAVEDIGGER1
1347041189205,549.6217891162144,183.7013745000843,GRAVEDIGGER1
1347041189221,549.6217891162144,183.7013745000843,GRAVEDIGGER1
1347041189237,549.1883611581505,185.6538447828719,GRAVEDIGGER1
1347041189253,549.1883611581505,185.6538447828719,GRAVEDIGGER1
1347041189269,549.1883611581505,185.6538447828719,GRAVEDIGGER1
1347041189285,548.7549332000867,187.60631506565946,GRAVEDIGGER1
1347041189301,548.7549332000867,187.60631506565946,GRAVEDIGGER1
1347041189317,548.7549332000867,187.60631506565946,GRAVEDIGGER1
1347041189333,548.3215052420229,189.55878534844703,GRAVEDIGGER1
1347041189349,548.3215052420229,189.55878534844703,GRAVEDIGGER1
1347041189365,548.3215052420229,189.55878534844703,GRAVEDIGGER1
1347041189381,547.8880772839591,191.5112556312346,GRAVEDIGGER1
1347041189397,547.8880772839591,191.5112556312346,GRAVEDIGGER1
1347041189413,547.8880772839591,191.5112556312346,GRAVEDIGGER1
1347041189429,547.8880772839591,191.5112556312346,GRAVEDIGGER1
1347041189445,547.4546493258953,193.46372591402218,GRAVEDIGGER1
1347041189461,547.4546493258953,193.46372591402218,GRAVEDIGGER1
1347041189477,547.4546493258953,193.46372591402218,GRAVEDIGGER1
1347041189493,547.0212213678315,195.41619619680975,GRAVEDIGGER1
1347041189509,547.0212213678315,195.41619619680975,GRAVEDIGGER1
1347041189525,547.0212213678315,195.41619619680975,GRAVEDIGGER1
1347041189541,546.5877934097676,197.36866647959732,GRAVEDIGGER1
1347041189557,546.5877934097676,197.36866647959732,GRAVEDIGGER1
1347041189573,546.5877934097676,197.36866647959732,GRAVEDIGGER1
1347041189589,546.1543654517038,199.3211367623849,GRAVEDIGGER1
1347041189605,546.1543654517038,199.3211367623849,GRAVEDIGGER1
1347041189621,546.1543654517038,199.3211367623849,GRAVEDIGGER1
1347041189637,545.72093749364,201.27360704517247,GRAVEDIGGER1
1347041189653,545.72093749364,201.27360704517247,GRAVEDIGGER1
1347041189669,545.72093749364,201.27360704517247,GRAVEDIGGER1
1347041189685,545.2875095355762,203.22607732796004,GRAVEDIGGER1
1347041189701,545.2875095355762,203.22607732796004,GRAVEDIGGER1
1347041189717,545.2875095355762,203.22607732796004,GRAVEDIGGER1
1347041189733,544.8540815775124,205.17854761074761,GRAVEDIGGER1
1347041189749,544.8540815775124,205.17854761074761,GRAVEDIGGER1
1347041189765,544.8540815775124,205.17854761074761,GRAVEDIGGER1
1347041189781,544.4206536194486,207.1310178935352,GRAVEDIGGER1
1347041189797,544.4206536194486,207.1310178935352,GRAVEDIGGER1
1347041189813,544.4206536194486,207.1310178935352,GRAVEDIGGER1
1347041189829,544.4206536194486,207.1310178935352,GRAVEDIGGER1
1347041189845,543.9872256613847,209.08348817632276,GRAVEDIGGER1
1347041189861,543.9872256613847,209.08348817632276,GRAVEDIGGER1
1347041189877,543.9872256613847,209.08348817632276,GRAVEDIGGER1
1347041189893,543.5537977033209,211.03595845911033,GRAVEDIGGER1
1347041189909,543.5537977033209,211.03595845911033,GRAVEDIGGER1
1347041189925,543.5537977033209,211.03595845911033,GRAVEDIGGER1
1347041189941,543.1203697452571,212.9884287418979,GRAVEDIGGER1
1347041189957,543.1203697452571,212.9884287418979,GRAVEDIGGER1
1347041189973,543.1203697452571,212.9884287418979,GRAVEDIGGER1
1347041189989,542.6869417871933,214.94089902468548,GRAVEDIGGER1
1347041190005,542.6869417871933,214.94089902468548,GRAVEDIGGER1
1347041190021,542.6869417871933,214.94089902468548,GRAVEDIGGER1
1347041190037,542.2535138291295,216.89336930747305,GRAVEDIGGER1
1347041190053,542.2535138291295,216.89336930747305,GRAVEDIGGER1
1347041190069,542.2535138291295,216.89336930747305,GRAVEDIGGER1
1347041190085,541.8200858710657,218.84583959026062,GRAVEDIGGER1
1347041190101,541.8200858710657,218.84583959026062,GRAVEDIGGER1
1347041190117,541.8200858710657,218.84583959026062,GRAVEDIGGER1
1347041190133,541.3866579130018,220.7983098730482,GRAVEDIGGER1
1347041190149,541.3866579130018,220.7983098730482,GRAVEDIGGER1
1347041190165,541.3866579130018,220.7983098730482,GRAVEDIGGER1
1347041190181,541.3866579130018,220.7983098730482,GRAVEDIGGER1
1347041190197,540.953229954938,222.75078015583577,GRAVEDIGGER1
1347041190213,540.953229954938,222.75078015583577,GRAVEDIGGER1
1347041190229,540.953229954938,222.75078015583577,GRAVEDIGGER1
1347041190245,540.5198019968742,224.70325043862334,GRAVEDIGGER1
1347041190261,540.5198019968742,224.70325043862334,GRAVEDIGGER1
1347041190277,540.5198019968742,224.70325043862334,GRAVEDIGGER1
1347041190294,540.0863740388104,226.65572072141092,GRAVEDIGGER1
1347041190309,540.0863740388104,226.65572072141092,GRAVEDIGGER1
1347041190325,540.0863740388104,226.65572072141092,GRAVEDIGGER1
1347041190341,539.6529460807466,228.6081910041985,GRAVEDIGGER1
1347041190357,539.6529460807466,228.6081910041985,GRAVEDIGGER1
1347041190373,539.6529460807466,228.6081910041985,GRAVEDIGGER1
1347041190389,539.2195181226828,230.56066128698606,GRAVEDIGGER1
1347041190405,539.2195181226828,230.56066128698606,GRAVEDIGGER1
1347041190421,539.2195181226828,230.56066128698606,GRAVEDIGGER1
1347041190437,538.7860901646189,232.51313156977363,GRAVEDIGGER1
1347041190453,538.7860901646189,232.51313156977363,GRAVEDIGGER1
1347041190469,538.7860901646189,232.51313156977363,GRAVEDIGGER1
1347041190485,538.3526622065551,234.4656018525612,GRAVEDIGGER1
1347041190501,538.3526622065551,234.4656018525612,GRAVEDIGGER1
1347041190517,538.3526622065551,234.4656018525612,GRAVEDIGGER1
1347041190533,537.9192342484913,236.41807213534878,GRAVEDIGGER1
1347041190549,537.9192342484913,236.41807213534878,GRAVEDIGGER1
1347041190565,537.9192342484913,236.41807213534878,GRAVEDIGGER1
1347041190581,537.9192342484913,236.41807213534878,GRAVEDIGGER1
1347041190597,537.4858062904275,238.37054241813635,GRAVEDIGGER1
1347041190613,537.4858062904275,238.37054241813635,GRAVEDIGGER1
1347041190629,537.4858062904275,238.37054241813635,GRAVEDIGGER1
1347041190645,537.0523783323637,240.32301270092393,GRAVEDIGGER1
1347041190661,537.0523783323637,240.32301270092393,GRAVEDIGGER1
1347041190677,537.0523783323637,240.32301270092393,GRAVEDIGGER1
1347041190693,536.6189503742997,242.2754829837115,GRAVEDIGGER1
1347041190709,536.6189503742997,242.2754829837115,GRAVEDIGGER1
1347041190725,536.6189503742997,242.2754829837115,GRAVEDIGGER1
1347041190741,536.1855224162359,244.22795326649907,GRAVEDIGGER1
1347041190757,536.1855224162359,244.22795326649907,GRAVEDIGGER1
1347041190773,536.1855224162359,244.22795326649907,GRAVEDIGGER1
1347041190789,535.752094458172,246.18042354928664,GRAVEDIGGER1
1347041190805,535.752094458172,246.18042354928664,GRAVEDIGGER1
1347041190821,535.752094458172,246.18042354928664,GRAVEDIGGER1
1347041190837,535.3186665001082,248.13289383207422,GRAVEDIGGER1
1347041190853,535.3186665001082,248.13289383207422,GRAVEDIGGER1
1347041190869,535.3186665001082,248.13289383207422,GRAVEDIGGER1
1347041190885,534.8852385420442,250.0853641148618,GRAVEDIGGER1
1347041190901,534.8852385420442,250.0853641148618,GRAVEDIGGER1
1347041190917,534.8852385420442,250.0853641148618,GRAVEDIGGER1
1347041190933,534.4518105839804,252.03783439764936,GRAVEDIGGER1
1347041190949,534.4518105839804,252.03783439764936,GRAVEDIGGER1
1347041190965,534.4518105839804,252.03783439764936,GRAVEDIGGER1
1347041190981,534.4518105839804,252.03783439764936,GRAVEDIGGER1
1347041190997,534.0183826259165,253.99030468043694,GRAVEDIGGER1
1347041191013,534.0183826259165,253.99030468043694,GRAVEDIGGER1
1347041191029,534.0183826259165,253.99030468043694,GRAVEDIGGER1
1347041191045,533.5849546678527,255.9427749632245,GRAVEDIGGER1
1347041191061,533.5849546678527,255.9427749632245,GRAVEDIGGER1
1347041191077,533.5849546678527,255.9427749632245,GRAVEDIGGER1
1347041191093,533.1515267097888,257.89524524601205,GRAVEDIGGER1
1347041191109,533.1515267097888,257.89524524601205,GRAVEDIGGER1
1347041191125,533.1515267097888,257.89524524601205,GRAVEDIGGER1
1347041191141,532.7180987517249,259.8477155287996,GRAVEDIGGER1
1347041191157,532.7180987517249,259.8477155287996,GRAVEDIGGER1
1347041191173,532.7180987517249,259.8477155287996,GRAVEDIGGER1
1347041191189,532.284670793661,261.80018581158714,GRAVEDIGGER1
1347041191205,532.284670793661,261.80018581158714,GRAVEDIGGER1
1347041191221,532.284670793661,261.80018581158714,GRAVEDIGGER1
1347041191237,531.8512428355972,263.7526560943747,GRAVEDIGGER1
1347041191253,531.8512428355972,263.7526560943747,GRAVEDIGGER1
1347041191269,531.8512428355972,263.7526560943747,GRAVEDIGGER1
1347041191285,531.4178148775334,265.70512637716223,GRAVEDIGGER1
1347041191301,531.4178148775334,265.70512637716223,GRAVEDIGGER1
1347041191317,531.4178148775334,265.70512637716223,GRAVEDIGGER1
1347041191333,531.4178148775334,265.70512637716223,GRAVEDIGGER1
1347041191349,530.9843869194694,267.6575966599498,GRAVEDIGGER1
1347041191365,530.9843869194694,267.6575966599498,GRAVEDIGGER1
1347041191381,530.9843869194694,267.6575966599498,GRAVEDIGGER1
1347041191397,530.5509589614056,269.6100669427373,GRAVEDIGGER1
1347041191413,530.5509589614056,269.6100669427373,GRAVEDIGGER1
1347041191429,530.5509589614056,269.6100669427373,GRAVEDIGGER1
1347041191445,530.1175310033417,271.56253722552486,GRAVEDIGGER1
1347041191461,530.1175310033417,271.56253722552486,GRAVEDIGGER1
1347041191477,530.1175310033417,271.56253722552486,GRAVEDIGGER1
1347041191493,529.6841030452779,273.5150075083124,GRAVEDIGGER1
1347041191509,529.6841030452779,273.5150075083124,GRAVEDIGGER1
1347041191525,529.6841030452779,273.5150075083124,GRAVEDIGGER1
1347041191541,529.250675087214,275.46747779109995,GRAVEDIGGER1
1347041191557,529.250675087214,275.46747779109995,GRAVEDIGGER1
1347041191574,529.250675087214,275.46747779109995,GRAVEDIGGER1
1347041191589,528.8172471291501,277.4199480738875,GRAVEDIGGER1
1347041191605,528.8172471291501,277.4199480738875,GRAVEDIGGER1
1347041191621,528.8172471291501,277.4199480738875,GRAVEDIGGER1
1347041191637,528.3838191710862,279.37241835667504,GRAVEDIGGER1
1347041191653,528.3838191710862,279.37241835667504,GRAVEDIGGER1
1347041191669,528.3838191710862,279.37241835667504,GRAVEDIGGER1
1347041191685,527.9503912130224,281.3248886394626,GRAVEDIGGER1
1347041191701,527.9503912130224,281.3248886394626,GRAVEDIGGER1
1347041191717,527.9503912130224,281.3248886394626,GRAVEDIGGER1
1347041191733,527.9503912130224,281.3248886394626,GRAVEDIGGER1
1347041191749,527.5169632549586,283.27735892225013,GRAVEDIGGER1
1347041191765,527.5169632549586,283.27735892225013,GRAVEDIGGER1
1347041191781,527.5169632549586,283.27735892225013,GRAVEDIGGER1
1347041191797,527.0835352968946,285.2298292050377,GRAVEDIGGER1
1347041191813,527.0835352968946,285.2298292050377,GRAVEDIGGER1
1347041191829,527.0835352968946,285.2298292050377,GRAVEDIGGER1
1347041191845,526.6501073388308,287.1822994878252,GRAVEDIGGER1
1347041191861,526.6501073388308,287.1822994878252,GRAVEDIGGER1
1347041191877,526.6501073388308,287.1822994878252,GRAVEDIGGER1
1347041191893,526.2166793807669,289.13476977061276,GRAVEDIGGER1
1347041191909,526.2166793807669,289.13476977061276,GRAVEDIGGER1
1347041191925,526.2166793807669,289.13476977061276,GRAVEDIGGER1
1347041191941,525.7832514227031,291.0872400534003,GRAVEDIGGER1
1347041191957,525.7832514227031,291.0872400534003,GRAVEDIGGER1
1347041191973,525.7832514227031,291.0872400534003,GRAVEDIGGER1
1347041191989,525.3498234646391,293.03971033618785,GRAVEDIGGER1
1347041192005,525.3498234646391,293.03971033618785,GRAVEDIGGER1
1347041192021,525.3498234646391,293.03971033618785,GRAVEDIGGER1
1347041192037,524.9163955065753,294.9921806189754,GRAVEDIGGER1
1347041192053,524.9163955065753,294.9921806189754,GRAVEDIGGER1
1347041192069,524.9163955065753,294.9921806189754,GRAVEDIGGER1
1347041192085,524.9163955065753,294.9921806189754,GRAVEDIGGER1
1347041192101,524.4829675485114,296.94465090176294,GRAVEDIGGER1
1347041192117,524.4829675485114,296.94465090176294,GRAVEDIGGER1
1347041192133,524.4829675485114,296.94465090176294,GRAVEDIGGER1
1347041192149,524.0495395904476,298.8971211845505,GRAVEDIGGER1
1347041192165,524.0495395904476,298.8971211845505,GRAVEDIGGER1
1347041192181,524.0495395904476,298.8971211845505,GRAVEDIGGER1
1347041192197,523.6161116323838,300.84959146733803,GRAVEDIGGER1
1347041192213,523.6161116323838,300.84959146733803,GRAVEDIGGER1
1347041192229,523.6161116323838,300.84959146733803,GRAVEDIGGER1
1347041192245,523.1826836743198,302.8020617501256,GRAVEDIGGER1
1347041192261,523.1826836743198,302.8020617501256,GRAVEDIGGER1
1347041192277,523.1826836743198,302.8020617501256,GRAVEDIGGER1
1347041192293,522.749255716256,304.7545320329131,GRAVEDIGGER1
1347041192309,522.749255716256,304.7545320329131,GRAVEDIGGER1
1347041192325,522.749255716256,304.7545320329131,GRAVEDIGGER1
1347041192341,522.3158277581921,306.70700231570066,GRAVEDIGGER1
1347041192357,522.3158277581921,306.70700231570066,GRAVEDIGGER1
1347041192373,522.3158277581921,306.70700231570066,GRAVEDIGGER1
1347041192389,521.8823998001283,308.6594725984882,GRAVEDIGGER1
1347041192405,521.8823998001283,308.6594725984882,GRAVEDIGGER1
1347041192421,521.8823998001283,308.6594725984882,GRAVEDIGGER1
1347041192437,521.4489718420643,310.61194288127575,GRAVEDIGGER1
1347041192453,521.4489718420643,310.61194288127575,GRAVEDIGGER1
1347041192469,521.4489718420643,310.61194288127575,GRAVEDIGGER1
1347041192485,521.4489718420643,310.61194288127575,GRAVEDIGGER1
1347041192501,521.0155438840005,312.5644131640633,GRAVEDIGGER1
1347041192517,521.0155438840005,312.5644131640633,GRAVEDIGGER1
1347041192533,521.0155438840005,312.5644131640633,GRAVEDIGGER1
1347041192549,520.5821159259366,314.51688344685084,GRAVEDIGGER1
1347041192565,520.5821159259366,314.51688344685084,GRAVEDIGGER1
1347041192581,520.5821159259366,314.51688344685084,GRAVEDIGGER1
1347041192597,520.1486879678728,316.4693537296384,GRAVEDIGGER1
1347041192613,520.1486879678728,316.4693537296384,GRAVEDIGGER1
1347041192630,520.1486879678728,316.4693537296384,GRAVEDIGGER1
1347041192645,519.715260009809,318.42182401242593,GRAVEDIGGER1
1347041192661,519.715260009809,318.42182401242593,GRAVEDIGGER1
1347041192677,519.715260009809,318.42182401242593,GRAVEDIGGER1
1347041192693,519.281832051745,320.3742942952135,GRAVEDIGGER1
1347041192709,519.281832051745,320.3742942952135,GRAVEDIGGER1
1347041192725,519.281832051745,320.3742942952135,GRAVEDIGGER1
1347041192741,518.8484040936812,322.326764578001,GRAVEDIGGER1
1347041192757,518.8484040936812,322.326764578001,GRAVEDIGGER1
1347041192773,518.8484040936812,322.326764578001,GRAVEDIGGER1
1347041192789,518.4149761356173,324.27923486078856,GRAVEDIGGER1
1347041192805,518.4149761356173,324.27923486078856,GRAVEDIGGER1
1347041192821,518.4149761356173,324.27923486078856,GRAVEDIGGER1
1347041192837,517.9815481775535,326.2317051435761,GRAVEDIGGER1
1347041192853,517.9815481775535,326.2317051435761,GRAVEDIGGER1
1347041192869,517.9815481775535,326.2317051435761,GRAVEDIGGER1
1347041192885,517.9815481775535,326.2317051435761,GRAVEDIGGER1
1347041192901,517.5481202194895,328.18417542636365,GRAVEDIGGER1
1347041192917,517.5481202194895,328.18417542636365,GRAVEDIGGER1
1347041192933,517.5481202194895,328.18417542636365,GRAVEDIGGER1
1347041192949,517.1146922614257,330.1366457091512,GRAVEDIGGER1
1347041192965,517.1146922614257,330.1366457091512,GRAVEDIGGER1
1347041192981,517.1146922614257,330.1366457091512,GRAVEDIGGER1
1347041192997,516.6812643033618,332.08911599193874,GRAVEDIGGER1
1347041193013,516.6812643033618,332.08911599193874,GRAVEDIGGER1
1347041193029,516.6812643033618,332.08911599193874,GRAVEDIGGER1
1347041193045,516.247836345298,334.0415862747263,GRAVEDIGGER1
1347041193061,516.247836345298,334.0415862747263,GRAVEDIGGER1
1347041193077,516.247836345298,334.0415862747263,GRAVEDIGGER1
1347041193093,515.8144083872342,335.99405655751383,GRAVEDIGGER1
1347041193109,515.8144083872342,335.99405655751383,GRAVEDIGGER1
1347041193125,515.8144083872342,335.99405655751383,GRAVEDIGGER1
1347041193141,515.3809804291702,337.9465268403014,GRAVEDIGGER1
1347041193157,515.3809804291702,337.9465268403014,GRAVEDIGGER1
1347041193173,515.3809804291702,337.9465268403014,GRAVEDIGGER1
1347041193189,514.9475524711064,339.8989971230889,GRAVEDIGGER1
1347041193205,514.9475524711064,339.8989971230889,GRAVEDIGGER1
1347041193221,514.9475524711064,339.8989971230889,GRAVEDIGGER1
1347041193237,514.9475524711064,339.8989971230889,GRAVEDIGGER1
1347041193253,514.5141245130425,341.85146740587646,GRAVEDIGGER1
1347041193269,514.5141245130425,341.85146740587646,GRAVEDIGGER1
1347041193285,514.5141245130425,341.85146740587646,GRAVEDIGGER1
1347041193301,514.0806965549787,343.803937688664,GRAVEDIGGER1
1347041193317,514.0806965549787,343.803937688664,GRAVEDIGGER1
1347041193333,514.0806965549787,343.803937688664,GRAVEDIGGER1
1347041193349,513.6472685969147,345.75640797145155,GRAVEDIGGER1
1347041193365,513.6472685969147,345.75640797145155,GRAVEDIGGER1
1347041193381,513.6472685969147,345.75640797145155,GRAVEDIGGER1
1347041193397,513.2138406388509,347.7088782542391,GRAVEDIGGER1
1347041193413,513.2138406388509,347.7088782542391,GRAVEDIGGER1
1347041193429,513.2138406388509,347.7088782542391,GRAVEDIGGER1
1347041193445,512.780412680787,349.66134853702664,GRAVEDIGGER1
1347041193461,512.780412680787,349.66134853702664,GRAVEDIGGER1
1347041193477,512.780412680787,349.66134853702664,GRAVEDIGGER1
1347041193493,512.3469847227232,351.6138188198142,GRAVEDIGGER1
1347041193509,512.3469847227232,351.6138188198142,GRAVEDIGGER1
1347041193525,512.3469847227232,351.6138188198142,GRAVEDIGGER1
1347041193541,511.91355676465935,353.56628910260173,GRAVEDIGGER1
1347041193557,511.91355676465935,353.56628910260173,GRAVEDIGGER1
1347041193573,511.91355676465935,353.56628910260173,GRAVEDIGGER1
1347041193589,511.4801288065954,355.5187593853893,GRAVEDIGGER1
1347041193605,511.4801288065954,355.5187593853893,GRAVEDIGGER1
1347041193621,511.4801288065954,355.5187593853893,GRAVEDIGGER1
1347041193637,511.4801288065954,355.5187593853893,GRAVEDIGGER1
1347041193653,511.0467008485316,357.4712296681768,GRAVEDIGGER1
1347041193669,511.0467008485316,357.4712296681768,GRAVEDIGGER1
1347041193685,511.0467008485316,357.4712296681768,GRAVEDIGGER1
1347041193701,510.61327289046767,359.42369995096436,GRAVEDIGGER1
1347041193717,510.61327289046767,359.42369995096436,GRAVEDIGGER1
1347041193733,510.61327289046767,359.42369995096436,GRAVEDIGGER1
1347041193749,510.17984493240385,361.3761702337519,GRAVEDIGGER1
1347041193765,510.17984493240385,361.3761702337519,GRAVEDIGGER1
1347041193781,510.17984493240385,361.3761702337519,GRAVEDIGGER1
1347041193797,509.7464169743399,363.32864051653945,GRAVEDIGGER1
1347041193813,509.7464169743399,363.32864051653945,GRAVEDIGGER1
1347041193829,509.7464169743399,363.32864051653945,GRAVEDIGGER1
1347041193845,509.3129890162761,365.281110799327,GRAVEDIGGER1
1347041193861,509.3129890162761,365.281110799327,GRAVEDIGGER1
1347041193877,509.3129890162761,365.281110799327,GRAVEDIGGER1
1347041193893,508.8795610582122,367.23358108211454,GRAVEDIGGER1
1347041193909,508.8795610582122,367.23358108211454,GRAVEDIGGER1
1347041193925,508.8795610582122,367.23358108211454,GRAVEDIGGER1
1347041193941,508.44613310014836,369.1860513649021,GRAVEDIGGER1
1347041193957,508.44613310014836,369.1860513649021,GRAVEDIGGER1
1347041193973,508.44613310014836,369.1860513649021,GRAVEDIGGER1
1347041193989,508.44613310014836,369.1860513649021,GRAVEDIGGER1
1347041194005,508.01270514208454,371.13852164768963,GRAVEDIGGER1
1347041194021,508.01270514208454,371.13852164768963,GRAVEDIGGER1
1347041194037,508.01270514208454,371.13852164768963,GRAVEDIGGER1
1347041194053,507.5792771840206,373.0909919304772,GRAVEDIGGER1
1347041194069,507.5792771840206,373.0909919304772,GRAVEDIGGER1
1347041194085,507.5792771840206,373.0909919304772,GRAVEDIGGER1
1347041194101,507.1458492259568,375.0434622132647,GRAVEDIGGER1
1347041194117,507.1458492259568,375.0434622132647,GRAVEDIGGER1
1347041194133,507.1458492259568,375.0434622132647,GRAVEDIGGER1
1347041194149,506.71242126789286,376.99593249605226,GRAVEDIGGER1
1347041194165,506.71242126789286,376.99593249605226,GRAVEDIGGER1
1347041194181,506.71242126789286,376.99593249605226,GRAVEDIGGER1
1347041194197,506.27899330982905,378.9484027788398,GRAVEDIGGER1
1347041194213,506.27899330982905,378.9484027788398,GRAVEDIGGER1
1347041194229,506.27899330982905,378.9484027788398,GRAVEDIGGER1
1347041194245,505.8455653517651,380.90087306162735,GRAVEDIGGER1
1347041194261,505.8455653517651,380.90087306162735,GRAVEDIGGER1
1347041194277,505.8455653517651,380.90087306162735,GRAVEDIGGER1
1347041194293,505.4121373937013,382.8533433444149,GRAVEDIGGER1
1347041194309,505.4121373937013,382.8533433444149,GRAVEDIGGER1
1347041194325,505.4121373937013,382.8533433444149,GRAVEDIGGER1
1347041194341,504.97870943563737,384.80581362720244,GRAVEDIGGER1
1347041194357,504.97870943563737,384.80581362720244,GRAVEDIGGER1
1347041194373,504.97870943563737,384.80581362720244,GRAVEDIGGER1
1347041194389,504.97870943563737,384.80581362720244,GRAVEDIGGER1
1347041194405,504.54528147757355,386.75828390999,GRAVEDIGGER1
1347041194421,504.54528147757355,386.75828390999,GRAVEDIGGER1
1347041194437,504.54528147757355,386.75828390999,GRAVEDIGGER1
1347041194453,504.11185351950974,388.71075419277753,GRAVEDIGGER1
1347041194469,504.11185351950974,388.71075419277753,GRAVEDIGGER1
1347041194485,504.11185351950974,388.71075419277753,GRAVEDIGGER1
1347041194501,503.6784255614458,390.6632244755651,GRAVEDIGGER1
1347041194517,503.6784255614458,390.6632244755651,GRAVEDIGGER1
1347041194533,503.6784255614458,390.6632244755651,GRAVEDIGGER1
1347041194549,503.65156130805394,390.78424033400506,GRAVEDIGGER1
1347041194565,503.65156130805394,390.78424033400506,GRAVEDIGGER1
1347041194581,503.65156130805394,390.78424033400506,GRAVEDIGGER1
1347041194597,503.65156130805394,390.78424033400506,GRAVEDIGGER1
1347041194613,503.65156130805394,390.78424033400506,GRAVEDIGGER1
1347041194629,503.65156130805394,390.78424033400506,GRAVEDIGGER1
1347041194645,503.65156130805394,390.78424033400506,GRAVEDIGGER1
1347041194661,503.65156130805394,390.78424033400506,GRAVEDIGGER1
1347041194677,503.65156130805394,390.78424033400506,GRAVEDIGGER1
1347041194693,503.65156130805394,390.78424033400506,GRAVEDIGGER1
1347041194709,503.65156130805394,390.78424033400506,GRAVEDIGGER1
1347041194725,503.65156130805394,390.78424033400506,GRAVEDIGGER1
1347041194742,503.65156130805394,390.78424033400506,GRAVEDIGGER1
1347041194757,503.65156130805394,390.78424033400506,GRAVEDIGGER1
1347041194773,503.65156130805394,390.78424033400506,GRAVEDIGGER1
1347041194789,503.65156130805394,390.78424033400506,GRAVEDIGGER1
1347041194805,503.65156130805394,390.78424033400506,GRAVEDIGGER1
1347041194821,503.65156130805394,390.78424033400506,GRAVEDIGGER1
1347041194845,503.65156130805394,390.78424033400506,GRAVEDIGGER1
1347041194853,503.65156130805394,390.78424033400506,GRAVEDIGGER1
1347041194869,503.65156130805394,390.78424033400506,GRAVEDIGGER1
1347041194885,503.65156130805394,390.78424033400506,GRAVEDIGGER1
1347041194901,503.65156130805394,390.78424033400506,GRAVEDIGGER1
1347041194917,503.65156130805394,390.78424033400506,GRAVEDIGGER1
1347041194937,503.65156130805394,390.78424033400506,GRAVEDIGGER1
1347041194949,503.65156130805394,390.78424033400506,GRAVEDIGGER1
1347041194965,503.65156130805394,390.78424033400506,GRAVEDIGGER1
1347041194981,503.65156130805394,390.78424033400506,GRAVEDIGGER1
1347041194997,503.65156130805394,390.78424033400506,GRAVEDIGGER1
1347041195013,503.65156130805394,390.78424033400506,GRAVEDIGGER1
1347041195030,503.65156130805394,390.78424033400506,GRAVEDIGGER1
1347041195045,503.65156130805394,390.78424033400506,GRAVEDIGGER1
1347041195061,503.65156130805394,390.78424033400506,GRAVEDIGGER1
1347041195077,503.65156130805394,390.78424033400506,GRAVEDIGGER1
1347041195093,503.65156130805394,390.78424033400506,GRAVEDIGGER1
1347041195109,503.65156130805394,390.78424033400506,GRAVEDIGGER1
1347041195126,503.65156130805394,390.78424033400506,GRAVEDIGGER1
1347041195141,503.65156130805394,390.78424033400506,GRAVEDIGGER1
1347041195157,503.65156130805394,390.78424033400506,GRAVEDIGGER1
1347041195173,501.7026288648834,390.33517204080533,GRAVEDIGGER1
1347041195189,501.7026288648834,390.33517204080533,GRAVEDIGGER1
1347041195205,501.7026288648834,390.33517204080533,GRAVEDIGGER1
1347041195221,499.7536964217129,389.8861037476056,GRAVEDIGGER1
1347041195237,499.7536964217129,389.8861037476056,GRAVEDIGGER1
1347041195253,499.7536964217129,389.8861037476056,GRAVEDIGGER1
1347041195269,497.8047639785424,389.4370354544059,GRAVEDIGGER1
1347041195285,497.8047639785424,389.4370354544059,GRAVEDIGGER1
1347041195301,497.8047639785424,389.4370354544059,GRAVEDIGGER1
1347041195317,495.85583153537186,388.98796716120614,GRAVEDIGGER1
1347041195333,495.85583153537186,388.98796716120614,
1347041195349,495.85583153537186,388.98796716120614,
1347041195365,495.85583153537186,388.98796716120614,
1347041195381,495.85583153537186,388.98796716120614,
1347041195397,495.85583153537186,388.98796716120614,
1347041195413,495.85583153537186,388.98796716120614,
1347041195429,495.85583153537186,388.98796716120614,
1347041195445,495.85583153537186,388.98796716120614,
1347041195461,495.85583153537186,388.98796716120614,
1347041195477,495.85583153537186,388.98796716120614,
1347041195493,495.85583153537186,388.98796716120614,
1347041195509,495.85583153537186,388.98796716120614,
1347041195525,495.85583153537186,388.98796716120614,
1347041195541,495.85583153537186,388.98796716120614,
1347041195557,495.85583153537186,388.98796716120614,
1347041195573,495.85583153537186,388.98796716120614,
1347041195589,495.85583153537186,388.98796716120614,
1347041195605,495.85583153537186,388.98796716120614,
1347041195621,495.85583153537186,388.98796716120614,
1347041195637,495.85583153537186,388.98796716120614,
1347041195653,495.85583153537186,388.98796716120614,
1347041195669,495.85583153537186,388.98796716120614,
1347041195685,495.85583153537186,388.98796716120614,
1347041195701,495.85583153537186,388.98796716120614,
1347041195717,495.85583153537186,388.98796716120614,
1347041195733,495.85583153537186,388.98796716120614,
1347041195749,495.85583153537186,388.98796716120614,
1347041195765,495.85583153537186,388.98796716120614,
1347041195781,495.85583153537186,388.98796716120614,
1347041195797,495.85583153537186,388.98796716120614,
1347041195813,495.85583153537186,388.98796716120614,
1347041195829,495.85583153537186,388.98796716120614,
1347041195845,495.85583153537186,388.98796716120614,
1347041195861,495.85583153537186,388.98796716120614,
1347041195877,495.85583153537186,388.98796716120614,
1347041195893,495.85583153537186,388.98796716120614,
1347041195909,495.85583153537186,388.98796716120614,
1347041195925,495.85583153537186,388.98796716120614,
1347041195941,495.85583153537186,388.98796716120614,
1347041195957,495.85583153537186,388.98796716120614,
1347041195973,495.85583153537186,388.98796716120614,
1347041195989,495.85583153537186,388.98796716120614,
1347041196005,495.85583153537186,388.98796716120614,
1347041196021,495.85583153537186,388.98796716120614,
1347041196037,495.85583153537186,388.98796716120614,
1347041196053,495.85583153537186,388.98796716120614,
1347041196069,495.85583153537186,388.98796716120614,
1347041196085,495.85583153537186,388.98796716120614,
1347041196101,495.85583153537186,388.98796716120614,
1347041196117,495.85583153537186,388.98796716120614,
1347041196133,495.85583153537186,388.98796716120614,
1347041196149,495.85583153537186,388.98796716120614,
1347041196165,495.85583153537186,388.98796716120614,
1347041196181,495.85583153537186,388.98796716120614,
1347041196197,495.85583153537186,388.98796716120614,
1347041196213,495.85583153537186,388.98796716120614,
1347041196229,495.85583153537186,388.98796716120614,
1347041196245,495.85583153537186,388.98796716120614,
1347041196262,495.85583153537186,388.98796716120614,
1347041196277,495.85583153537186,388.98796716120614,
1347041196293,495.85583153537186,388.98796716120614,
1347041196310,495.85583153537186,388.98796716120614,
1347041196325,495.85583153537186,388.98796716120614,
1347041196341,495.85583153537186,388.98796716120614,
1347041196357,495.85583153537186,388.98796716120614,
1347041196373,495.85583153537186,388.98796716120614,
1347041196389,495.85583153537186,388.98796716120614,
1347041196405,495.85583153537186,388.98796716120614,
1347041196421,495.85583153537186,388.98796716120614,
1347041196437,495.85583153537186,388.98796716120614,
1347041196453,495.85583153537186,388.98796716120614,
1347041196469,495.85583153537186,388.98796716120614,
1347041196485,495.85583153537186,388.98796716120614,
1347041196501,495.85583153537186,388.98796716120614,
1347041196517,495.85583153537186,388.98796716120614,
1347041196533,495.85583153537186,388.98796716120614,
1347041196549,495.85583153537186,388.98796716120614,
1347041196565,495.85583153537186,388.98796716120614,
1347041196581,495.85583153537186,388.98796716120614,
1347041196597,495.85583153537186,388.98796716120614,
1347041196613,495.85583153537186,388.98796716120614,
1347041196629,495.85583153537186,388.98796716120614,
1347041196645,495.85583153537186,388.98796716120614,
1347041196661,495.85583153537186,388.98796716120614,
1347041196677,495.85583153537186,388.98796716120614,
1347041196693,495.85583153537186,388.98796716120614,
1347041196709,495.85583153537186,388.98796716120614,
1347041196725,495.85583153537186,388.98796716120614,
1347041196741,495.85583153537186,388.98796716120614,
1347041196757,495.85583153537186,388.98796716120614,
1347041196773,495.85583153537186,388.98796716120614,
1347041196789,495.85583153537186,388.98796716120614,
1347041196805,495.85583153537186,388.98796716120614,
1347041196821,495.85583153537186,388.98796716120614,
1347041196837,495.85583153537186,388.98796716120614,
1347041196853,495.85583153537186,388.98796716120614,
1347041196869,495.85583153537186,388.98796716120614,
1347041196885,495.85583153537186,388.98796716120614,
1347041196901,495.85583153537186,388.98796716120614,
1347041196917,495.85583153537186,388.98796716120614,
1347041196933,495.85583153537186,388.98796716120614,
1347041196949,495.85583153537186,388.98796716120614,
1347041196965,495.85583153537186,388.98796716120614,
1347041196981,495.85583153537186,388.98796716120614,
1347041196997,495.85583153537186,388.98796716120614,
1347041197013,495.85583153537186,388.98796716120614,
1347041197029,495.85583153537186,388.98796716120614,
1347041197045,495.85583153537186,388.98796716120614,
1347041197061,495.85583153537186,388.98796716120614,
1347041197077,495.85583153537186,388.98796716120614,
1347041197093,495.85583153537186,388.98796716120614,
1347041197109,495.85583153537186,388.98796716120614,
1347041197125,495.85583153537186,388.98796716120614,
1347041197141,495.85583153537186,388.98796716120614,
1347041197157,495.85583153537186,388.98796716120614,
1347041197173,495.85583153537186,388.98796716120614,
1347041197189,495.85583153537186,388.98796716120614,
1347041197205,495.85583153537186,388.98796716120614,
1347041197221,495.85583153537186,388.98796716120614,
1347041197237,495.85583153537186,388.98796716120614,
1347041197253,495.85583153537186,388.98796716120614,
1347041197269,495.85583153537186,388.98796716120614,
1347041197285,495.85583153537186,388.98796716120614,
1347041197301,495.85583153537186,388.98796716120614,
1347041197317,495.85583153537186,388.98796716120614,
1347041197333,495.85583153537186,388.98796716120614,
1347041197349,495.85583153537186,388.98796716120614,
1347041197365,495.85583153537186,388.98796716120614,
1347041197381,495.85583153537186,388.98796716120614,
1347041197397,495.85583153537186,388.98796716120614,
1347041197413,495.85583153537186,388.98796716120614,
1347041197429,495.85583153537186,388.98796716120614,
1347041197445,495.85583153537186,388.98796716120614,
1347041197461,495.85583153537186,388.98796716120614,
1347041197477,495.85583153537186,388.98796716120614,
1347041197493,495.85583153537186,388.98796716120614,
1347041197509,495.85583153537186,388.98796716120614,
1347041197525,495.85583153537186,388.98796716120614,
1347041197541,495.85583153537186,388.98796716120614,
1347041197557,495.85583153537186,388.98796716120614,
1347041197573,495.85583153537186,388.98796716120614,
1347041197589,495.85583153537186,388.98796716120614,
1347041197605,495.85583153537186,388.98796716120614,
1347041197621,495.85583153537186,388.98796716120614,
1347041197637,495.85583153537186,388.98796716120614,
1347041197653,495.85583153537186,388.98796716120614,
1347041197669,495.85583153537186,388.98796716120614,
1347041197685,495.85583153537186,388.98796716120614,
1347041197702,495.85583153537186,388.98796716120614,
1347041197717,495.85583153537186,388.98796716120614,
1347041197733,495.85583153537186,388.98796716120614,
1347041197749,495.85583153537186,388.98796716120614,
1347041197765,495.85583153537186,388.98796716120614,
1347041197781,495.85583153537186,388.98796716120614,
1347041197797,495.85583153537186,388.98796716120614,
1347041197813,495.85583153537186,388.98796716120614,
1347041197829,495.85583153537186,388.98796716120614,
1347041197845,495.85583153537186,388.98796716120614,
1347041197861,495.85583153537186,388.98796716120614,
1347041197877,495.85583153537186,388.98796716120614,
1347041197893,495.85583153537186,388.98796716120614,
1347041197909,495.85583153537186,388.98796716120614,
1347041197925,495.85583153537186,388.98796716120614,
1347041197941,495.85583153537186,388.98796716120614,
1347041197957,495.85583153537186,388.98796716120614,
1347041197973,495.85583153537186,388.98796716120614,
1347041197989,495.85583153537186,388.98796716120614,
1347041198005,495.85583153537186,388.98796716120614,
1347041198021,495.85583153537186,388.98796716120614,
1347041198037,495.85583153537186,388.98796716120614,
1347041198053,495.85583153537186,388.98796716120614,
1347041198069,495.85583153537186,388.98796716120614,
1347041198085,495.85583153537186,388.98796716120614,
1347041198101,495.85583153537186,388.98796716120614,
1347041198117,495.85583153537186,388.98796716120614,
1347041198133,495.85583153537186,388.98796716120614,
1347041198149,495.85583153537186,388.98796716120614,
1347041198165,495.85583153537186,388.98796716120614,
1347041198181,495.85583153537186,388.98796716120614,
1347041198197,495.85583153537186,388.98796716120614,
1347041198213,495.85583153537186,388.98796716120614,
1347041198229,495.85583153537186,388.98796716120614,
1347041198245,495.85583153537186,388.98796716120614,
1347041198261,495.85583153537186,388.98796716120614,
1347041198277,495.85583153537186,388.98796716120614,
1347041198293,495.85583153537186,388.98796716120614,
1347041198309,495.85583153537186,388.98796716120614,
1347041198325,495.85583153537186,388.98796716120614,
1347041198341,495.85583153537186,388.98796716120614,
1347041198357,495.85583153537186,388.98796716120614,
1347041198373,495.85583153537186,388.98796716120614,
1347041198389,495.85583153537186,388.98796716120614,
1347041198405,495.85583153537186,388.98796716120614,
1347041198421,495.85583153537186,388.98796716120614,
1347041198437,495.85583153537186,388.98796716120614,
1347041198453,495.85583153537186,388.98796716120614,
1347041198469,495.85583153537186,388.98796716120614,
1347041198485,495.85583153537186,388.98796716120614,
1347041198501,495.85583153537186,388.98796716120614,
1347041198517,495.85583153537186,388.98796716120614,
1347041198533,495.85583153537186,388.98796716120614,
1347041198549,495.85583153537186,388.98796716120614,
1347041198565,495.85583153537186,388.98796716120614,
1347041198581,495.85583153537186,388.98796716120614,
1347041198597,495.85583153537186,388.98796716120614,
1347041198613,495.85583153537186,388.98796716120614,
1347041198629,495.85583153537186,388.98796716120614,
1347041198646,495.85583153537186,388.98796716120614,
1347041198661,495.85583153537186,388.98796716120614,
1347041198677,495.85583153537186,388.98796716120614,
1347041198693,495.85583153537186,388.98796716120614,
1347041198709,495.85583153537186,388.98796716120614,
1347041198725,495.85583153537186,388.98796716120614,
1347041198741,495.85583153537186,388.98796716120614,
1347041198757,495.85583153537186,388.98796716120614,
1347041198773,495.85583153537186,388.98796716120614,
1347041198789,495.85583153537186,388.98796716120614,
1347041198805,495.85583153537186,388.98796716120614,
1347041198821,495.85583153537186,388.98796716120614,
1347041198837,495.85583153537186,388.98796716120614,
1347041198853,495.85583153537186,388.98796716120614,
1347041198869,495.85583153537186,388.98796716120614,
1347041198885,495.85583153537186,388.98796716120614,
1347041198901,495.85583153537186,388.98796716120614,
1347041198917,495.85583153537186,388.98796716120614,
1347041198933,495.85583153537186,388.98796716120614,
1347041198949,495.85583153537186,388.98796716120614,
1347041198965,495.85583153537186,388.98796716120614,
1347041198981,495.85583153537186,388.98796716120614,
1347041198997,495.85583153537186,388.98796716120614,
1347041199013,495.85583153537186,388.98796716120614,
1347041199029,495.85583153537186,388.98796716120614,
1347041199045,495.85583153537186,388.98796716120614,
1347041199061,495.85583153537186,388.98796716120614,
1347041199077,495.85583153537186,388.98796716120614,
1347041199093,495.85583153537186,388.98796716120614,
1347041199109,495.85583153537186,388.98796716120614,
1347041199125,495.85583153537186,388.98796716120614,
1347041199141,495.85583153537186,388.98796716120614,
1347041199157,495.85583153537186,388.98796716120614,
1347041199173,495.85583153537186,388.98796716120614,
1347041199189,495.85583153537186,388.98796716120614,
1347041199205,495.85583153537186,388.98796716120614,
1347041199221,495.85583153537186,388.98796716120614,
1347041199237,495.85583153537186,388.98796716120614,
1347041199254,495.85583153537186,388.98796716120614,
1347041199269,495.85583153537186,388.98796716120614,
1347041199285,495.85583153537186,388.98796716120614,
1347041199301,495.85583153537186,388.98796716120614,
1347041199317,495.85583153537186,388.98796716120614,
1347041199333,495.85583153537186,388.98796716120614,
1347041199349,495.85583153537186,388.98796716120614,
1347041199365,495.85583153537186,388.98796716120614,
1347041199381,495.85583153537186,388.98796716120614,
1347041199397,495.85583153537186,388.98796716120614,
1347041199413,495.85583153537186,388.98796716120614,
1347041199429,495.85583153537186,388.98796716120614,
1347041199445,495.85583153537186,388.98796716120614,
1347041199461,495.85583153537186,388.98796716120614,
1347041199477,495.85583153537186,388.98796716120614,
1347041199493,495.85583153537186,388.98796716120614,
1347041199509,495.85583153537186,388.98796716120614,
1347041199525,495.85583153537186,388.98796716120614,
1347041199541,495.85583153537186,388.98796716120614,
1347041199557,495.85583153537186,388.98796716120614,
1347041199573,495.85583153537186,388.98796716120614,
1347041199589,495.85583153537186,388.98796716120614,
1347041199605,495.85583153537186,388.98796716120614,
1347041199621,495.85583153537186,388.98796716120614,
1347041199637,495.85583153537186,388.98796716120614,
1347041199653,495.85583153537186,388.98796716120614,
1347041199669,495.85583153537186,388.98796716120614,
1347041199685,495.85583153537186,388.98796716120614,
1347041199701,495.85583153537186,388.98796716120614,
1347041199717,495.85583153537186,388.98796716120614,
1347041199733,495.85583153537186,388.98796716120614,
1347041199749,495.85583153537186,388.98796716120614,
1347041199765,495.85583153537186,388.98796716120614,
1347041199781,495.85583153537186,388.98796716120614,
1347041199797,495.85583153537186,388.98796716120614,
1347041199813,495.85583153537186,388.98796716120614,
1347041199829,495.85583153537186,388.98796716120614,
1347041199845,495.85583153537186,388.98796716120614,
1347041199861,495.85583153537186,388.98796716120614,
1347041199877,495.85583153537186,388.98796716120614,
1347041199893,495.85583153537186,388.98796716120614,
1347041199909,495.85583153537186,388.98796716120614,
1347041199925,495.85583153537186,388.98796716120614,
1347041199941,495.85583153537186,388.98796716120614,
1347041199957,495.85583153537186,388.98796716120614,
1347041199973,495.85583153537186,388.98796716120614,
1347041199989,495.85583153537186,388.98796716120614,
1347041200005,495.85583153537186,388.98796716120614,
1347041200021,495.85583153537186,388.98796716120614,
1347041200037,495.85583153537186,388.98796716120614,
1347041200053,495.85583153537186,388.98796716120614,
1347041200069,495.85583153537186,388.98796716120614,
1347041200085,495.85583153537186,388.98796716120614,
1347041200101,495.85583153537186,388.98796716120614,
1347041200117,495.85583153537186,388.98796716120614,
1347041200133,495.85583153537186,388.98796716120614,
1347041200149,495.85583153537186,388.98796716120614,
1347041200165,495.85583153537186,388.98796716120614,
1347041200181,495.85583153537186,388.98796716120614,
1347041200197,495.85583153537186,388.98796716120614,
1347041200213,495.85583153537186,388.98796716120614,
1347041200229,495.85583153537186,388.98796716120614,
1347041200245,495.85583153537186,388.98796716120614,
1347041200261,495.85583153537186,388.98796716120614,
1347041200277,495.85583153537186,388.98796716120614,
1347041200293,495.85583153537186,388.98796716120614,
1347041200309,495.85583153537186,388.98796716120614,
1347041200325,495.85583153537186,388.98796716120614,
1347041200341,495.85583153537186,388.98796716120614,
1347041200357,495.85583153537186,388.98796716120614,
1347041200373,495.85583153537186,388.98796716120614,
1347041200389,495.85583153537186,388.98796716120614,
1347041200405,495.85583153537186,388.98796716120614,
1347041200421,495.85583153537186,388.98796716120614,
1347041200437,495.85583153537186,388.98796716120614,
1347041200453,495.85583153537186,388.98796716120614,
1347041200469,495.85583153537186,388.98796716120614,
1347041200485,495.85583153537186,388.98796716120614,
1347041200501,495.85583153537186,388.98796716120614,
1347041200517,495.85583153537186,388.98796716120614,
1347041200533,495.85583153537186,388.98796716120614,
1347041200549,495.85583153537186,388.98796716120614,
1347041200565,495.85583153537186,388.98796716120614,
1347041200581,495.85583153537186,388.98796716120614,
1347041200597,495.85583153537186,388.98796716120614,
1347041200613,495.85583153537186,388.98796716120614,
1347041200629,495.85583153537186,388.98796716120614,
1347041200645,495.85583153537186,388.98796716120614,
1347041200661,495.85583153537186,388.98796716120614,
1347041200677,495.85583153537186,388.98796716120614,
1347041200693,495.85583153537186,388.98796716120614,
1347041200709,495.85583153537186,388.98796716120614,
1347041200725,495.85583153537186,388.98796716120614,
1347041200741,495.85583153537186,388.98796716120614,
1347041200757,495.85583153537186,388.98796716120614,
1347041200773,495.85583153537186,388.98796716120614,
1347041200789,495.85583153537186,388.98796716120614,
1347041200805,495.85583153537186,388.98796716120614,
1347041200821,495.85583153537186,388.98796716120614,
1347041200837,495.85583153537186,388.98796716120614,
1347041200853,495.85583153537186,388.98796716120614,
1347041200869,495.85583153537186,388.98796716120614,
1347041200885,495.85583153537186,388.98796716120614,
1347041200901,495.85583153537186,388.98796716120614,
1347041200917,495.85583153537186,388.98796716120614,
1347041200933,495.85583153537186,388.98796716120614,
1347041200949,495.85583153537186,388.98796716120614,
1347041200965,495.85583153537186,388.98796716120614,
1347041200981,495.85583153537186,388.98796716120614,
1347041200997,495.85583153537186,388.98796716120614,
1347041201013,495.85583153537186,388.98796716120614,
1347041201029,495.85583153537186,388.98796716120614,
1347041201045,495.85583153537186,388.98796716120614,
1347041201061,495.85583153537186,388.98796716120614,
1347041201077,495.85583153537186,388.98796716120614,
1347041201093,495.85583153537186,388.98796716120614,
1347041201109,495.85583153537186,388.98796716120614,
1347041201125,495.85583153537186,388.98796716120614,
1347041201141,495.85583153537186,388.98796716120614,
1347041201157,495.85583153537186,388.98796716120614,
1347041201173,495.85583153537186,388.98796716120614,
1347041201189,495.85583153537186,388.98796716120614,
1347041201205,495.85583153537186,388.98796716120614,
1347041201221,495.85583153537186,388.98796716120614,
1347041201237,495.85583153537186,388.98796716120614,
1347041201253,495.85583153537186,388.98796716120614,
1347041201270,495.85583153537186,388.98796716120614,
1347041201285,495.85583153537186,388.98796716120614,
1347041201301,495.85583153537186,388.98796716120614,
1347041201317,495.85583153537186,388.98796716120614,
1347041201333,495.85583153537186,388.98796716120614,
1347041201349,495.85583153537186,388.98796716120614,
1347041201365,495.85583153537186,388.98796716120614,
1347041201381,495.85583153537186,388.98796716120614,
1347041201397,495.85583153537186,388.98796716120614,
1347041201413,495.85583153537186,388.98796716120614,
1347041201429,495.85583153537186,388.98796716120614,
1347041201445,495.85583153537186,388.98796716120614,
1347041201461,495.85583153537186,388.98796716120614,
1347041201477,495.85583153537186,388.98796716120614,
1347041201493,495.85583153537186,388.98796716120614,
1347041201509,495.85583153537186,388.98796716120614,
1347041201525,495.85583153537186,388.98796716120614,
1347041201541,495.85583153537186,388.98796716120614,
1347041201557,495.85583153537186,388.98796716120614,
1347041201573,495.85583153537186,388.98796716120614,
1347041201589,495.85583153537186,388.98796716120614,
1347041201605,495.85583153537186,388.98796716120614,
1347041201621,495.85583153537186,388.98796716120614,
1347041201637,495.85583153537186,388.98796716120614,
1347041201653,495.85583153537186,388.98796716120614,
1347041201669,495.85583153537186,388.98796716120614,
1347041201685,495.85583153537186,388.98796716120614,
1347041201701,495.85583153537186,388.98796716120614,
1347041201717,495.85583153537186,388.98796716120614,
1347041201733,495.85583153537186,388.98796716120614,
1347041201749,495.85583153537186,388.98796716120614,
1347041201765,495.85583153537186,388.98796716120614,
1347041201781,495.85583153537186,388.98796716120614,
1347041201797,495.85583153537186,388.98796716120614,
1347041201813,495.85583153537186,388.98796716120614,
1347041201829,495.85583153537186,388.98796716120614,
1347041201845,495.85583153537186,388.98796716120614,
1347041201861,495.85583153537186,388.98796716120614,
1347041201877,495.85583153537186,388.98796716120614,
1347041201893,495.85583153537186,388.98796716120614,
1347041201909,495.85583153537186,388.98796716120614,
1347041201925,495.85583153537186,388.98796716120614,
1347041201941,495.85583153537186,388.98796716120614,
1347041201957,495.85583153537186,388.98796716120614,
1347041201973,495.85583153537186,388.98796716120614,
1347041201989,495.85583153537186,388.98796716120614,
1347041202005,495.85583153537186,388.98796716120614,
1347041202021,495.85583153537186,388.98796716120614,
1347041202037,495.85583153537186,388.98796716120614,
1347041202053,495.85583153537186,388.98796716120614,
1347041202069,495.85583153537186,388.98796716120614,
1347041202085,495.85583153537186,388.98796716120614,
1347041202101,495.85583153537186,388.98796716120614,
1347041202117,495.85583153537186,388.98796716120614,
1347041202133,495.85583153537186,388.98796716120614,
1347041202149,495.85583153537186,388.98796716120614,
1347041202165,495.85583153537186,388.98796716120614,
1347041202181,495.85583153537186,388.98796716120614,
1347041202197,495.85583153537186,388.98796716120614,
1347041202213,495.85583153537186,388.98796716120614,
1347041202229,495.85583153537186,388.98796716120614,
1347041202245,495.85583153537186,388.98796716120614,
1347041202261,495.85583153537186,388.98796716120614,
1347041202277,495.85583153537186,388.98796716120614,
1347041202293,495.85583153537186,388.98796716120614,
1347041202309,495.85583153537186,388.98796716120614,
1347041202325,495.85583153537186,388.98796716120614,
1347041202341,495.85583153537186,388.98796716120614,
1347041202357,495.85583153537186,388.98796716120614,
1347041202373,495.85583153537186,388.98796716120614,
1347041202389,495.85583153537186,388.98796716120614,
1347041202405,495.85583153537186,388.98796716120614,
1347041202421,495.85583153537186,388.98796716120614,
1347041202437,495.85583153537186,388.98796716120614,
1347041202453,495.85583153537186,388.98796716120614,
1347041202469,495.85583153537186,388.98796716120614,
1347041202486,495.85583153537186,388.98796716120614,
1347041202501,495.85583153537186,388.98796716120614,
1347041202517,495.85583153537186,388.98796716120614,
1347041202533,495.85583153537186,388.98796716120614,
1347041202549,495.85583153537186,388.98796716120614,
1347041202565,495.85583153537186,388.98796716120614,
1347041202581,495.85583153537186,388.98796716120614,
1347041202597,495.85583153537186,388.98796716120614,
1347041202613,495.85583153537186,388.98796716120614,
1347041202629,495.85583153537186,388.98796716120614,
1347041202645,495.85583153537186,388.98796716120614,
1347041202661,495.85583153537186,388.98796716120614,
1347041202678,495.85583153537186,388.98796716120614,
1347041202693,495.85583153537186,388.98796716120614,
1347041202709,495.85583153537186,388.98796716120614,
1347041202725,495.85583153537186,388.98796716120614,
1347041202741,495.85583153537186,388.98796716120614,
1347041202757,495.85583153537186,388.98796716120614,
1347041202773,495.85583153537186,388.98796716120614,
1347041202789,495.85583153537186,388.98796716120614,
1347041202805,495.85583153537186,388.98796716120614,
1347041202821,495.85583153537186,388.98796716120614,
1347041202837,495.85583153537186,388.98796716120614,
1347041202853,495.85583153537186,388.98796716120614,
1347041202869,495.85583153537186,388.98796716120614,
1347041202885,495.85583153537186,388.98796716120614,
1347041202901,495.85583153537186,388.98796716120614,
1347041202917,495.85583153537186,388.98796716120614,
1347041202933,495.85583153537186,388.98796716120614,
1347041202949,495.85583153537186,388.98796716120614,
1347041202965,495.85583153537186,388.98796716120614,
1347041202981,495.85583153537186,388.98796716120614,
1347041202997,495.85583153537186,388.98796716120614,
1347041203013,495.85583153537186,388.98796716120614,
1347041203029,495.85583153537186,388.98796716120614,
1347041203045,495.85583153537186,388.98796716120614,
1347041203061,495.85583153537186,388.98796716120614,
1347041203077,495.85583153537186,388.98796716120614,
1347041203093,495.85583153537186,388.98796716120614,
1347041203109,495.85583153537186,388.98796716120614,
1347041203125,495.85583153537186,388.98796716120614,
1347041203141,495.85583153537186,388.98796716120614,
1347041203157,495.85583153537186,388.98796716120614,
1347041203173,495.85583153537186,388.98796716120614,
1347041203189,495.85583153537186,388.98796716120614,
1347041203205,495.85583153537186,388.98796716120614,
1347041203221,495.85583153537186,388.98796716120614,
1347041203237,495.85583153537186,388.98796716120614,
1347041203253,495.85583153537186,388.98796716120614,
1347041203269,495.85583153537186,388.98796716120614,
1347041203286,495.85583153537186,388.98796716120614,
1347041203301,495.85583153537186,388.98796716120614,
1347041203317,495.85583153537186,388.98796716120614,
1347041203333,495.85583153537186,388.98796716120614,
1347041203349,495.85583153537186,388.98796716120614,
1347041203365,495.85583153537186,388.98796716120614,
1347041203381,495.85583153537186,388.98796716120614,
1347041203397,495.85583153537186,388.98796716120614,
1347041203413,495.85583153537186,388.98796716120614,
1347041203429,495.85583153537186,388.98796716120614,
1347041203445,495.85583153537186,388.98796716120614,
1347041203461,495.85583153537186,388.98796716120614,
1347041203477,495.85583153537186,388.98796716120614,
1347041203493,495.85583153537186,388.98796716120614,
1347041203509,495.85583153537186,388.98796716120614,
1347041203525,495.85583153537186,388.98796716120614,
1347041203541,495.85583153537186,388.98796716120614,
1347041203557,495.85583153537186,388.98796716120614,
1347041203573,495.85583153537186,388.98796716120614,
1347041203589,495.85583153537186,388.98796716120614,
1347041203605,495.85583153537186,388.98796716120614,
1347041203621,495.85583153537186,388.98796716120614,
1347041203637,495.85583153537186,388.98796716120614,
1347041203653,495.85583153537186,388.98796716120614,
1347041203669,495.85583153537186,388.98796716120614,
1347041203685,495.85583153537186,388.98796716120614,
1347041203701,495.85583153537186,388.98796716120614,
1347041203717,495.85583153537186,388.98796716120614,
1347041203733,495.85583153537186,388.98796716120614,
1347041203749,495.85583153537186,388.98796716120614,
1347041203765,495.85583153537186,388.98796716120614,
1347041203781,495.85583153537186,388.98796716120614,
1347041203797,495.85583153537186,388.98796716120614,
1347041203813,495.85583153537186,388.98796716120614,
1347041203829,495.85583153537186,388.98796716120614,
1347041203845,495.85583153537186,388.98796716120614,
1347041203861,495.85583153537186,388.98796716120614,
1347041203877,495.85583153537186,388.98796716120614,
1347041203893,495.85583153537186,388.98796716120614,
1347041203909,495.85583153537186,388.98796716120614,
1347041203925,495.85583153537186,388.98796716120614,
1347041203941,495.85583153537186,388.98796716120614,
1347041203957,495.85583153537186,388.98796716120614,
1347041203973,495.85583153537186,388.98796716120614,
1347041203989,495.85583153537186,388.98796716120614,
1347041204005,495.85583153537186,388.98796716120614,
1347041204021,495.85583153537186,388.98796716120614,
1347041204037,495.85583153537186,388.98796716120614,
1347041204053,495.85583153537186,388.98796716120614,
1347041204069,495.85583153537186,388.98796716120614,
1347041204085,495.85583153537186,388.98796716120614,
1347041204101,495.85583153537186,388.98796716120614,
1347041204117,495.85583153537186,388.98796716120614,
1347041204133,495.85583153537186,388.98796716120614,
1347041204149,495.85583153537186,388.98796716120614,
1347041204165,495.85583153537186,388.98796716120614,
1347041204181,495.85583153537186,388.98796716120614,
1347041204197,495.85583153537186,388.98796716120614,
1347041204213,495.85583153537186,388.98796716120614,
1347041204229,495.85583153537186,388.98796716120614,
1347041204245,495.85583153537186,388.98796716120614,
1347041204261,495.85583153537186,388.98796716120614,
1347041204277,495.85583153537186,388.98796716120614,
1347041204293,495.85583153537186,388.98796716120614,
1347041204309,495.85583153537186,388.98796716120614,
1347041204325,495.85583153537186,388.98796716120614,
1347041204341,495.85583153537186,388.98796716120614,
1347041204357,495.85583153537186,388.98796716120614,
1347041204373,495.85583153537186,388.98796716120614,
1347041204389,495.85583153537186,388.98796716120614,
1347041204405,495.85583153537186,388.98796716120614,
1347041204421,495.85583153537186,388.98796716120614,
1347041204437,495.85583153537186,388.98796716120614,
1347041204453,495.85583153537186,388.98796716120614,
1347041204469,495.85583153537186,388.98796716120614,
1347041204485,495.85583153537186,388.98796716120614,
1347041204501,495.85583153537186,388.98796716120614,
1347041204517,495.85583153537186,388.98796716120614,
1347041204533,495.85583153537186,388.98796716120614,
1347041204549,495.85583153537186,388.98796716120614,
1347041204565,495.85583153537186,388.98796716120614,
1347041204582,495.85583153537186,388.98796716120614,
1347041204597,495.85583153537186,388.98796716120614,
1347041204613,495.85583153537186,388.98796716120614,
1347041204629,495.85583153537186,388.98796716120614,
1347041204645,495.85583153537186,388.98796716120614,
1347041204661,495.85583153537186,388.98796716120614,
1347041204677,495.85583153537186,388.98796716120614,
1347041204693,495.85583153537186,388.98796716120614,
1347041204710,495.85583153537186,388.98796716120614,
1347041204725,495.85583153537186,388.98796716120614,
1347041204741,495.85583153537186,388.98796716120614,
1347041204757,495.85583153537186,388.98796716120614,
1347041204773,495.85583153537186,388.98796716120614,
1347041204789,495.85583153537186,388.98796716120614,
1347041204805,495.85583153537186,388.98796716120614,
1347041204821,495.85583153537186,388.98796716120614,
1347041204837,495.85583153537186,388.98796716120614,
1347041204853,495.85583153537186,388.98796716120614,
1347041204870,495.85583153537186,388.98796716120614,
1347041204885,495.85583153537186,388.98796716120614,
1347041204901,495.85583153537186,388.98796716120614,
1347041204917,495.85583153537186,388.98796716120614,
1347041204933,495.85583153537186,388.98796716120614,
1347041204949,495.85583153537186,388.98796716120614,
1347041204965,495.85583153537186,388.98796716120614,
1347041204981,495.85583153537186,388.98796716120614,
1347041204997,495.85583153537186,388.98796716120614,
1347041205013,495.85583153537186,388.98796716120614,
1347041205029,495.85583153537186,388.98796716120614,
1347041205045,495.85583153537186,388.98796716120614,
1347041205061,495.85583153537186,388.98796716120614,
1347041205077,495.85583153537186,388.98796716120614,
1347041205093,495.85583153537186,388.98796716120614,
1347041205109,495.85583153537186,388.98796716120614,
1347041205125,495.85583153537186,388.98796716120614,
1347041205141,495.85583153537186,388.98796716120614,
1347041205157,495.85583153537186,388.98796716120614,
1347041205173,495.85583153537186,388.98796716120614,
1347041205189,495.85583153537186,388.98796716120614,
1347041205205,495.85583153537186,388.98796716120614,
1347041205221,495.85583153537186,388.98796716120614,
1347041205237,495.85583153537186,388.98796716120614,
1347041205253,495.85583153537186,388.98796716120614,
1347041205269,495.85583153537186,388.98796716120614,
1347041205285,495.85583153537186,388.98796716120614,
1347041205301,495.85583153537186,388.98796716120614,
1347041205317,495.85583153537186,388.98796716120614,
1347041205333,495.85583153537186,388.98796716120614,
1347041205349,495.85583153537186,388.98796716120614,
1347041205365,495.85583153537186,388.98796716120614,
1347041205381,495.85583153537186,388.98796716120614,
1347041205398,495.85583153537186,388.98796716120614,
1347041205413,495.85583153537186,388.98796716120614,
1347041205429,495.85583153537186,388.98796716120614,
1347041205445,495.85583153537186,388.98796716120614,
1347041205461,495.85583153537186,388.98796716120614,
1347041205477,495.85583153537186,388.98796716120614,
1347041205493,495.85583153537186,388.98796716120614,
1347041205509,495.85583153537186,388.98796716120614,
1347041205526,495.85583153537186,388.98796716120614,
1347041205541,495.85583153537186,388.98796716120614,
1347041205557,495.85583153537186,388.98796716120614,
1347041205573,495.85583153537186,388.98796716120614,
1347041205589,495.85583153537186,388.98796716120614,
1347041205605,495.85583153537186,388.98796716120614,
1347041205621,495.85583153537186,388.98796716120614,
1347041205637,495.85583153537186,388.98796716120614,
1347041205653,495.85583153537186,388.98796716120614,
1347041205669,495.85583153537186,388.98796716120614,
1347041205685,495.85583153537186,388.98796716120614,
1347041205701,495.85583153537186,388.98796716120614,
1347041205718,495.85583153537186,388.98796716120614,
1347041205733,495.85583153537186,388.98796716120614,
1347041205749,495.85583153537186,388.98796716120614,
1347041205765,495.85583153537186,388.98796716120614,
1347041205781,495.85583153537186,388.98796716120614,
1347041205797,495.85583153537186,388.98796716120614,
1347041205813,495.85583153537186,388.98796716120614,
1347041205829,495.85583153537186,388.98796716120614,
1347041205845,495.85583153537186,388.98796716120614,
1347041205861,495.85583153537186,388.98796716120614,
1347041205877,495.85583153537186,388.98796716120614,
1347041205893,495.85583153537186,388.98796716120614,
1347041205909,495.85583153537186,388.98796716120614,
1347041205925,495.85583153537186,388.98796716120614,
1347041205941,495.85583153537186,388.98796716120614,
1347041205957,495.85583153537186,388.98796716120614,
1347041205973,495.85583153537186,388.98796716120614,
1347041205989,495.85583153537186,388.98796716120614,
1347041206005,495.85583153537186,388.98796716120614,
1347041206021,495.85583153537186,388.98796716120614,
1347041206037,495.85583153537186,388.98796716120614,
1347041206053,495.85583153537186,388.98796716120614,
1347041206069,495.85583153537186,388.98796716120614,
1347041206085,495.85583153537186,388.98796716120614,
1347041206101,495.85583153537186,388.98796716120614,
1347041206117,495.85583153537186,388.98796716120614,
1347041206133,495.85583153537186,388.98796716120614,
1347041206149,495.85583153537186,388.98796716120614,
1347041206166,495.85583153537186,388.98796716120614,
1347041206181,495.85583153537186,388.98796716120614,
1347041206197,495.85583153537186,388.98796716120614,
1347041206213,495.85583153537186,388.98796716120614,
1347041206229,495.85583153537186,388.98796716120614,
1347041206245,495.85583153537186,388.98796716120614,
1347041206261,495.85583153537186,388.98796716120614,
1347041206277,495.85583153537186,388.98796716120614,
1347041206293,495.85583153537186,388.98796716120614,
1347041206309,495.85583153537186,388.98796716120614,
1347041206325,495.85583153537186,388.98796716120614,
1347041206341,495.85583153537186,388.98796716120614,
1347041206357,495.85583153537186,388.98796716120614,
1347041206373,495.85583153537186,388.98796716120614,
1347041206389,495.85583153537186,388.98796716120614,
1347041206405,495.85583153537186,388.98796716120614,
1347041206421,495.85583153537186,388.98796716120614,
1347041206437,495.85583153537186,388.98796716120614,
1347041206453,495.85583153537186,388.98796716120614,
1347041206469,495.85583153537186,388.98796716120614,
1347041206485,495.85583153537186,388.98796716120614,
1347041206501,495.85583153537186,388.98796716120614,
1347041206517,495.85583153537186,388.98796716120614,
1347041206533,495.85583153537186,388.98796716120614,
1347041206549,495.85583153537186,388.98796716120614,
1347041206565,495.85583153537186,388.98796716120614,
1347041206581,495.85583153537186,388.98796716120614,
1347041206597,495.85583153537186,388.98796716120614,
1347041206613,495.85583153537186,388.98796716120614,
1347041206629,495.85583153537186,388.98796716120614,
1347041206645,495.85583153537186,388.98796716120614,
1347041206661,495.85583153537186,388.98796716120614,
1347041206677,495.85583153537186,388.98796716120614,
1347041206693,495.85583153537186,388.98796716120614,
1347041206709,495.85583153537186,388.98796716120614,
1347041206725,495.85583153537186,388.98796716120614,
1347041206741,495.85583153537186,388.98796716120614,
1347041206757,495.85583153537186,388.98796716120614,
1347041206773,495.85583153537186,388.98796716120614,
1347041206789,495.85583153537186,388.98796716120614,
1347041206806,495.85583153537186,388.98796716120614,
1347041206821,495.85583153537186,388.98796716120614,
1347041206837,495.85583153537186,388.98796716120614,
1347041206853,495.85583153537186,388.98796716120614,
1347041206869,495.85583153537186,388.98796716120614,
1347041206885,495.85583153537186,388.98796716120614,
1347041206901,495.85583153537186,388.98796716120614,
1347041206917,495.85583153537186,388.98796716120614,
1347041206933,495.85583153537186,388.98796716120614,
1347041206949,495.85583153537186,388.98796716120614,
1347041206965,495.85583153537186,388.98796716120614,
1347041206981,495.85583153537186,388.98796716120614,
1347041206997,495.85583153537186,388.98796716120614,
1347041207013,495.85583153537186,388.98796716120614,
1347041207029,495.85583153537186,388.98796716120614,
1347041207045,495.85583153537186,388.98796716120614,
1347041207061,495.85583153537186,388.98796716120614,
1347041207077,495.85583153537186,388.98796716120614,
1347041207093,495.85583153537186,388.98796716120614,
1347041207109,495.85583153537186,388.98796716120614,
1347041207125,495.85583153537186,388.98796716120614,
1347041207141,495.85583153537186,388.98796716120614,
1347041207157,495.85583153537186,388.98796716120614,
1347041207173,495.85583153537186,388.98796716120614,
1347041207189,495.85583153537186,388.98796716120614,
1347041207205,495.85583153537186,388.98796716120614,
1347041207221,495.85583153537186,388.98796716120614,
1347041207237,495.85583153537186,388.98796716120614,
1347041207253,495.85583153537186,388.98796716120614,
1347041207269,495.85583153537186,388.98796716120614,
1347041207285,495.85583153537186,388.98796716120614,
1347041207301,495.85583153537186,388.98796716120614,
1347041207317,495.85583153537186,388.98796716120614,
1347041207334,495.85583153537186,388.98796716120614,
1347041207349,495.85583153537186,388.98796716120614,
1347041207365,495.85583153537186,388.98796716120614,
1347041207381,495.85583153537186,388.98796716120614,
1347041207397,495.85583153537186,388.98796716120614,
1347041207413,495.85583153537186,388.98796716120614,
1347041207429,495.85583153537186,388.98796716120614,
1347041207445,495.85583153537186,388.98796716120614,
1347041207461,495.85583153537186,388.98796716120614,
1347041207477,495.85583153537186,388.98796716120614,
1347041207493,495.85583153537186,388.98796716120614,
1347041207509,495.85583153537186,388.98796716120614,
1347041207525,495.85583153537186,388.98796716120614,
1347041207541,495.85583153537186,388.98796716120614,
1347041207557,495.85583153537186,388.98796716120614,
1347041207573,495.85583153537186,388.98796716120614,
1347041207589,495.85583153537186,388.98796716120614,
1347041207605,495.85583153537186,388.98796716120614,
1347041207621,495.85583153537186,388.98796716120614,
1347041207637,495.85583153537186,388.98796716120614,
1347041207653,495.85583153537186,388.98796716120614,
1347041207669,495.85583153537186,388.98796716120614,
1347041207685,495.85583153537186,388.98796716120614,
1347041207701,495.85583153537186,388.98796716120614,
1347041207717,495.85583153537186,388.98796716120614,
1347041207733,495.85583153537186,388.98796716120614,
1347041207749,495.85583153537186,388.98796716120614,
1347041207765,495.85583153537186,388.98796716120614,
1347041207781,495.85583153537186,388.98796716120614,
1347041207797,495.85583153537186,388.98796716120614,
1347041207813,495.85583153537186,388.98796716120614,
1347041207829,495.85583153537186,388.98796716120614,
1347041207845,495.85583153537186,388.98796716120614,
1347041207861,495.85583153537186,388.98796716120614,
1347041207877,495.85583153537186,388.98796716120614,
1347041207893,495.85583153537186,388.98796716120614,
1347041207909,495.85583153537186,388.98796716120614,
1347041207925,495.85583153537186,388.98796716120614,
1347041207942,495.85583153537186,388.98796716120614,
