time,x,y,owner1347041182306,863.5,-54.5,
1347041182342,863.5,-54.5,
1347041182342,863.5,-54.5,
1347041182357,863.5,-54.5,
1347041182373,863.5,-54.5,
1347041182389,863.5,-54.5,
1347041182405,863.5,-54.5,
1347041182421,863.5,-54.5,
1347041182437,863.5,-54.5,
1347041182453,863.5,-54.5,
1347041182469,863.5,-54.5,
1347041182485,863.5,-54.5,
1347041182501,863.5,-54.5,
1347041182517,863.5,-54.5,
1347041182533,863.5,-54.5,
1347041182549,863.5,-54.5,
1347041182565,863.5,-54.5,
1347041182581,863.5,-54.5,
1347041182597,863.5,-54.5,
1347041182619,863.5,-54.5,
1347041182629,863.5,-54.5,
1347041182645,863.5,-54.5,
1347041182661,863.5,-54.5,
1347041182677,863.5,-54.5,
1347041182693,863.5,-54.5,
1347041182709,863.5,-54.5,
1347041182725,863.5,-54.5,
1347041182741,863.5,-54.5,
1347041182757,863.5,-54.5,
1347041182773,863.5,-54.5,
1347041182789,863.5,-54.5,
1347041182805,863.5,-54.5,
1347041182821,863.5,-54.5,
1347041182843,863.5,-54.5,
1347041182853,863.5,-54.5,
1347041182869,863.5,-54.5,
1347041182885,863.5,-54.5,
1347041182901,863.5,-54.5,
1347041182917,863.5,-54.5,
1347041182933,863.5,-54.5,
1347041182949,863.5,-54.5,
1347041182965,863.5,-54.5,
1347041182981,863.5,-54.5,
1347041182997,863.5,-54.5,
1347041183013,863.5,-54.5,
1347041183029,863.5,-54.5,
1347041183045,863.5,-54.5,
1347041183061,863.5,-54.5,
1347041183077,863.5,-54.5,
1347041183093,863.5,-54.5,
1347041183109,863.5,-54.5,
1347041183125,654.5,-54.5,GRAVEDIGGER2
1347041183141,654.5,-54.5,GRAVEDIGGER2
1347041183157,654.0305577939522,-54.482519320355564,GRAVEDIGGER2
1347041183173,654.0305577939522,-54.482519320355564,GRAVEDIGGER2
1347041183190,654.0305577939522,-54.482519320355564,GRAVEDIGGER2
1347041183205,653.4906171023266,-54.44246013363521,GRAVEDIGGER2
1347041183221,653.4906171023266,-54.44246013363521,GRAVEDIGGER2
1347041183237,653.4906171023266,-54.44246013363521,GRAVEDIGGER2
1347041183253,652.8827790223605,-54.375041474252534,GRAVEDIGGER2
1347041183269,652.8827790223605,-54.375041474252534,GRAVEDIGGER2
1347041183285,652.8827790223605,-54.375041474252534,GRAVEDIGGER2
1347041183301,652.2100134360934,-54.27583772171163,GRAVEDIGGER2
1347041183317,652.2100134360934,-54.27583772171163,GRAVEDIGGER2
1347041183333,652.2100134360934,-54.27583772171163,GRAVEDIGGER2
1347041183349,651.4756072423315,-54.14080900978674,GRAVEDIGGER2
1347041183365,651.4756072423315,-54.14080900978674,GRAVEDIGGER2
1347041183381,651.4756072423315,-54.14080900978674,GRAVEDIGGER2
1347041183397,651.4756072423315,-54.14080900978674,GRAVEDIGGER2
1347041183413,650.6831106679952,-53.96632343702064,GRAVEDIGGER2
1347041183429,650.6831106679952,-53.96632343702064,GRAVEDIGGER2
1347041183445,650.6831106679952,-53.96632343702064,GRAVEDIGGER2
1347041183461,649.836283016878,-53.74917121033007,GRAVEDIGGER2
1347041183477,649.836283016878,-53.74917121033007,GRAVEDIGGER2
1347041183493,649.836283016878,-53.74917121033007,GRAVEDIGGER2
1347041183509,648.9390391063961,-53.48657107964774,GRAVEDIGGER2
1347041183525,648.9390391063961,-53.48657107964774,GRAVEDIGGER2
1347041183541,648.9390391063961,-53.48657107964774,GRAVEDIGGER2
1347041183557,647.9953975001783,-53.17616961029179,GRAVEDIGGER2
1347041183573,647.9953975001783,-53.17616961029179,GRAVEDIGGER2
1347041183589,647.9953975001783,-53.17616961029179,GRAVEDIGGER2
1347041183605,647.0094314771982,-52.81603398702607,GRAVEDIGGER2
1347041183622,647.0094314771982,-52.81603398702607,GRAVEDIGGER2
1347041183637,647.0094314771982,-52.81603398702607,GRAVEDIGGER2
1347041183653,645.985223497231,-52.404639148294564,GRAVEDIGGER2
1347041183669,645.985223497231,-52.404639148294564,GRAVEDIGGER2
1347041183685,645.985223497231,-52.404639148294564,GRAVEDIGGER2
1347041183701,644.9268237376416,-51.94085011210927,GRAVEDIGGER2
1347041183717,644.9268237376416,-51.94085011210927,GRAVEDIGGER2
1347041183733,644.9268237376416,-51.94085011210927,GRAVEDIGGER2
1347041183749,643.8382130964095,-51.42390037978147,GRAVEDIGGER2
1347041183765,643.8382130964095,-51.42390037978147,GRAVEDIGGER2
1347041183781,643.8382130964095,-51.42390037978147,GRAVEDIGGER2
1347041183797,643.8382130964095,-51.42390037978147,GRAVEDIGGER2
1347041183813,642.723270887843,-50.85336729481625,GRAVEDIGGER2
1347041183829,642.723270887843,-50.85336729481625,GRAVEDIGGER2
1347041183845,642.723270887843,-50.85336729481625,GRAVEDIGGER2
1347041183861,641.5857473057982,-50.22914519746394,GRAVEDIGGER2
1347041183877,641.5857473057982,-50.22914519746394,GRAVEDIGGER2
1347041183893,641.5857473057982,-50.22914519746394,GRAVEDIGGER2
1347041183909,640.4292405978662,-49.55141715667991,GRAVEDIGGER2
1347041183925,640.4292405978662,-49.55141715667991,GRAVEDIGGER2
1347041183941,640.4292405978662,-49.55141715667991,GRAVEDIGGER2
1347041183957,639.2571787847537,-48.820625986604185,GRAVEDIGGER2
1347041183973,639.2571787847537,-48.820625986604185,GRAVEDIGGER2
1347041183989,639.2571787847537,-48.820625986604185,GRAVEDIGGER2
1347041184005,638.0728056724046,-48.037445169795596,GRAVEDIGGER2
1347041184021,638.0728056724046,-48.037445169795596,GRAVEDIGGER2
1347041184037,638.0728056724046,-48.037445169795596,GRAVEDIGGER2
1347041184053,636.8791708396005,-47.20275021940259,GRAVEDIGGER2
1347041184069,636.8791708396005,-47.20275021940259,GRAVEDIGGER2
1347041184085,636.8791708396005,-47.20275021940259,GRAVEDIGGER2
1347041184101,635.6791232392864,-46.317590921525465,GRAVEDIGGER2
1347041184117,635.6791232392864,-46.317590921525465,GRAVEDIGGER2
1347041184133,635.6791232392864,-46.317590921525465,GRAVEDIGGER2
1347041184149,635.6791232392864,-46.317590921525465,GRAVEDIGGER2
1347041184165,634.4753080255313,-45.383164810707505,GRAVEDIGGER2
1347041184181,634.4753080255313,-45.383164810707505,GRAVEDIGGER2
1347041184197,634.4753080255313,-45.383164810707505,GRAVEDIGGER2
1347041184213,633.2701662073687,-44.400792148440935,GRAVEDIGGER2
1347041184229,633.2701662073687,-44.400792148440935,GRAVEDIGGER2
1347041184245,633.2701662073687,-44.400792148440935,GRAVEDIGGER2
1347041184261,632.0659367331041,-43.37189259866988,GRAVEDIGGER2
1347041184277,632.0659367331041,-43.37189259866988,GRAVEDIGGER2
1347041184293,632.0659367331041,-43.37189259866988,GRAVEDIGGER2
1347041184309,630.8646606214094,-42.29796372669896,GRAVEDIGGER2
1347041184325,630.8646606214094,-42.29796372669896,GRAVEDIGGER2
1347041184341,630.8646606214094,-42.29796372669896,GRAVEDIGGER2
1347041184357,629.6681867761544,-41.180561389269116,GRAVEDIGGER2
1347041184373,629.6681867761544,-41.180561389269116,GRAVEDIGGER2
1347041184389,629.6681867761544,-41.180561389269116,GRAVEDIGGER2
1347041184405,628.4781791481969,-40.02128203394877,GRAVEDIGGER2
1347041184421,628.4781791481969,-40.02128203394877,GRAVEDIGGER2
1347041184437,628.4781791481969,-40.02128203394877,GRAVEDIGGER2
1347041184453,627.2961249372844,-38.82174688514608,GRAVEDIGGER2
1347041184469,627.2961249372844,-38.82174688514608,GRAVEDIGGER2
1347041184485,627.2961249372844,-38.82174688514608,GRAVEDIGGER2
1347041184501,626.1233435591367,-37.583587961439655,GRAVEDIGGER2
1347041184517,626.1233435591367,-37.583587961439655,GRAVEDIGGER2
1347041184533,626.1233435591367,-37.583587961439655,GRAVEDIGGER2
1347041184549,626.1233435591367,-37.583587961439655,GRAVEDIGGER2
1347041184565,624.9609961352994,-36.30843584382947,GRAVEDIGGER2
1347041184581,624.9609961352994,-36.30843584382947,GRAVEDIGGER2
1347041184597,624.9609961352994,-36.30843584382947,GRAVEDIGGER2
1347041184613,623.8100952954037,-34.99790909610156,GRAVEDIGGER2
1347041184629,623.8100952954037,-34.99790909610156,GRAVEDIGGER2
1347041184645,623.8100952954037,-34.99790909610156,GRAVEDIGGER2
1347041184661,622.671515112214,-33.65360522590137,GRAVEDIGGER2
1347041184677,622.671515112214,-33.65360522590137,GRAVEDIGGER2
1347041184693,622.671515112214,-33.65360522590137,GRAVEDIGGER2
1347041184709,621.546001018698,-32.27709306745127,GRAVEDIGGER2
1347041184725,621.546001018698,-32.27709306745127,GRAVEDIGGER2
1347041184741,621.546001018698,-32.27709306745127,GRAVEDIGGER2
1347041184757,620.4341795829362,-30.869906463288572,GRAVEDIGGER2
1347041184773,620.4341795829362,-30.869906463288572,GRAVEDIGGER2
1347041184789,620.4341795829362,-30.869906463288572,GRAVEDIGGER2
1347041184805,619.3365680407564,-29.433539122161573,GRAVEDIGGER2
1347041184821,619.3365680407564,-29.433539122161573,GRAVEDIGGER2
1347041184837,619.3365680407564,-29.433539122161573,GRAVEDIGGER2
1347041184853,618.2535835074599,-27.969440532604025,GRAVEDIGGER2
1347041184869,618.2535835074599,-27.969440532604025,GRAVEDIGGER2
1347041184885,618.2535835074599,-27.969440532604025,GRAVEDIGGER2
1347041184901,618.2535835074599,-27.969440532604025,GRAVEDIGGER2
1347041184917,617.1855518088889,-26.479012816085355,GRAVEDIGGER2
1347041184933,617.1855518088889,-26.479012816085355,GRAVEDIGGER2
1347041184949,617.1855518088889,-26.479012816085355,GRAVEDIGGER2
1347041184965,616.1327158884752,-24.963608409472233,GRAVEDIGGER2
1347041184981,616.1327158884752,-24.963608409472233,GRAVEDIGGER2
1347041184997,616.1327158884752,-24.963608409472233,GRAVEDIGGER2
1347041185013,615.0952437609269,-23.424528473380064,GRAVEDIGGER2
1347041185029,615.0952437609269,-23.424528473380064,GRAVEDIGGER2
1347041185045,615.0952437609269,-23.424528473380064,GRAVEDIGGER2
1347041185061,614.07323599505,-21.863021930461354,GRAVEDIGGER2
1347041185077,614.07323599505,-21.863021930461354,GRAVEDIGGER2
1347041185093,614.07323599505,-21.863021930461354,GRAVEDIGGER2
1347041185109,613.0667327180438,-20.28028504546621,GRAVEDIGGER2
1347041185125,613.0667327180438,-20.28028504546621,GRAVEDIGGER2
1347041185141,613.0667327180438,-20.28028504546621,GRAVEDIGGER2
1347041185157,612.0757201416664,-18.677461466772243,GRAVEDIGGER2
1347041185173,612.0757201416664,-18.677461466772243,GRAVEDIGGER2
1347041185189,612.0757201416664,-18.677461466772243,GRAVEDIGGER2
1347041185205,611.1001366171483,-17.055642656829395,GRAVEDIGGER2
1347041185221,611.1001366171483,-17.055642656829395,GRAVEDIGGER2
1347041185237,611.1001366171483,-17.055642656829395,GRAVEDIGGER2
1347041185253,610.1398782308288,-15.415868646454793,GRAVEDIGGER2
1347041185269,610.1398782308288,-15.415868646454793,GRAVEDIGGER2
1347041185285,610.1398782308288,-15.415868646454793,GRAVEDIGGER2
1347041185301,610.1398782308288,-15.415868646454793,GRAVEDIGGER2
1347041185317,609.1948039563915,-13.759129055043243,GRAVEDIGGER2
1347041185333,609.1948039563915,-13.759129055043243,GRAVEDIGGER2
1347041185349,609.1948039563915,-13.759129055043243,GRAVEDIGGER2
1347041185365,608.2647403824694,-12.08636432546065,GRAVEDIGGER2
1347041185381,608.2647403824694,-12.08636432546065,GRAVEDIGGER2
1347041185397,608.2647403824694,-12.08636432546065,GRAVEDIGGER2
1347041185413,607.3494860364106,-10.398467128614794,GRAVEDIGGER2
1347041185429,607.3494860364106,-10.398467128614794,GRAVEDIGGER2
1347041185445,607.3494860364106,-10.398467128614794,GRAVEDIGGER2
1347041185461,606.44881532631,-8.696283898432052,GRAVEDIGGER2
1347041185477,606.44881532631,-8.696283898432052,GRAVEDIGGER2
1347041185493,606.44881532631,-8.696283898432052,GRAVEDIGGER2
1347041185509,605.5624821241347,-6.980616463203287,GRAVEDIGGER2
1347041185525,605.5624821241347,-6.980616463203287,GRAVEDIGGER2
1347041185541,605.5624821241347,-6.980616463203287,GRAVEDIGGER2
1347041185557,604.6902230130084,-5.252223744002695,GRAVEDIGGER2
1347041185573,604.6902230130084,-5.252223744002695,GRAVEDIGGER2
1347041185589,604.6902230130084,-5.252223744002695,GRAVEDIGGER2
1347041185605,603.8317602215844,-3.511823495150755,GRAVEDIGGER2
1347041185621,603.8317602215844,-3.511823495150755,GRAVEDIGGER2
1347041185637,603.8317602215844,-3.511823495150755,GRAVEDIGGER2
1347041185653,603.8317602215844,-3.511823495150755,GRAVEDIGGER2
1347041185669,602.986804267992,-1.7600940655048039,GRAVEDIGGER2
1347041185685,602.986804267992,-1.7600940655048039,GRAVEDIGGER2
1347041185701,602.986804267992,-1.7600940655048039,GRAVEDIGGER2
1347041185717,602.1550563351739,0.002323837249245786,GRAVEDIGGER2
1347041185733,602.1550563351739,0.002323837249245786,GRAVEDIGGER2
1347041185749,602.1550563351739,0.002323837249245786,GRAVEDIGGER2
1347041185765,601.3362103985868,1.7748253941372025,GRAVEDIGGER2
1347041185781,601.3362103985868,1.7748253941372025,GRAVEDIGGER2
1347041185797,601.3362103985868,1.7748253941372025,GRAVEDIGGER2
1347041185813,600.5299551262791,3.556839946470218,GRAVEDIGGER2
1347041185829,600.5299551262791,3.556839946470218,GRAVEDIGGER2
1347041185845,600.5299551262791,3.556839946470218,GRAVEDIGGER2
1347041185861,599.7359755703126,5.347829301353645,GRAVEDIGGER2
1347041185877,599.7359755703126,5.347829301353645,GRAVEDIGGER2
1347041185893,599.7359755703126,5.347829301353645,GRAVEDIGGER2
1347041185909,598.9539546674047,7.147286079034112,GRAVEDIGGER2
1347041185925,598.9539546674047,7.147286079034112,GRAVEDIGGER2
1347041185941,598.9539546674047,7.147286079034112,GRAVEDIGGER2
1347041185957,598.1835745655585,8.954732108258149,GRAVEDIGGER2
1347041185973,598.1835745655585,8.954732108258149,GRAVEDIGGER2
1347041185989,598.1835745655585,8.954732108258149,GRAVEDIGGER2
1347041186005,597.4245177923324,10.769716874330399,GRAVEDIGGER2
1347041186021,597.4245177923324,10.769716874330399,GRAVEDIGGER2
1347041186037,597.4245177923324,10.769716874330399,GRAVEDIGGER2
1347041186053,597.4245177923324,10.769716874330399,GRAVEDIGGER2
1347041186069,596.6764682793087,12.591816023287745,GRAVEDIGGER2
1347041186085,596.6764682793087,12.591816023287745,GRAVEDIGGER2
1347041186101,596.6764682793087,12.591816023287745,GRAVEDIGGER2
1347041186117,595.9391122562545,14.420629924526368,GRAVEDIGGER2
1347041186133,595.9391122562545,14.420629924526368,GRAVEDIGGER2
1347041186149,595.9391122562545,14.420629924526368,GRAVEDIGGER2
1347041186165,595.2121390274426,16.255782293307245,GRAVEDIGGER2
1347041186181,595.2121390274426,16.255782293307245,GRAVEDIGGER2
1347041186197,595.2121390274426,16.255782293307245,GRAVEDIGGER2
1347041186213,594.4952416416169,18.096918873802984,GRAVEDIGGER2
1347041186229,594.4952416416169,18.096918873802984,GRAVEDIGGER2
1347041186245,594.4952416416169,18.096918873802984,GRAVEDIGGER2
1347041186261,593.7881174661576,19.94370618271408,GRAVEDIGGER2
1347041186277,593.7881174661576,19.94370618271408,GRAVEDIGGER2
1347041186293,593.7881174661576,19.94370618271408,GRAVEDIGGER2
1347041186309,593.0904686751227,21.795830312961854,GRAVEDIGGER2
1347041186325,593.0904686751227,21.795830312961854,GRAVEDIGGER2
1347041186341,593.0904686751227,21.795830312961854,GRAVEDIGGER2
1347041186357,592.4020026600158,23.652995796541212,GRAVEDIGGER2
1347041186373,592.4020026600158,23.652995796541212,GRAVEDIGGER2
1347041186389,592.4020026600158,23.652995796541212,GRAVEDIGGER2
1347041186405,592.4020026600158,23.652995796541212,GRAVEDIGGER2
1347041186421,591.7224323713616,25.5149245252764,GRAVEDIGGER2
1347041186437,591.7224323713616,25.5149245252764,GRAVEDIGGER2
1347041186453,591.7224323713616,25.5149245252764,GRAVEDIGGER2
1347041186469,591.0514765984526,27.381354727955312,GRAVEDIGGER2
1347041186485,591.0514765984526,27.381354727955312,GRAVEDIGGER2
1347041186501,591.0514765984526,27.381354727955312,GRAVEDIGGER2
1347041186517,590.3888601939638,29.252040002112555,GRAVEDIGGER2
1347041186533,590.3888601939638,29.252040002112555,GRAVEDIGGER2
1347041186549,590.3888601939638,29.252040002112555,GRAVEDIGGER2
1347041186565,589.7343142495183,31.12674839857727,GRAVEDIGGER2
1347041186581,589.7343142495183,31.12674839857727,GRAVEDIGGER2
1347041186597,589.7343142495183,31.12674839857727,GRAVEDIGGER2
1347041186613,589.08757622772,33.00526155679364,GRAVEDIGGER2
1347041186629,589.08757622772,33.00526155679364,GRAVEDIGGER2
1347041186645,589.08757622772,33.00526155679364,GRAVEDIGGER2
1347041186661,588.4483900556439,34.88737388885004,GRAVEDIGGER2
1347041186677,588.4483900556439,34.88737388885004,GRAVEDIGGER2
1347041186693,588.4483900556439,34.88737388885004,GRAVEDIGGER2
1347041186709,587.8165061843017,36.77289181011267,GRAVEDIGGER2
1347041186725,587.8165061843017,36.77289181011267,GRAVEDIGGER2
1347041186741,587.8165061843017,36.77289181011267,GRAVEDIGGER2
1347041186757,587.8165061843017,36.77289181011267,GRAVEDIGGER2
1347041186773,587.1916816181545,38.66163301434507,GRAVEDIGGER2
1347041186789,587.1916816181545,38.66163301434507,GRAVEDIGGER2
1347041186805,587.1916816181545,38.66163301434507,GRAVEDIGGER2
1347041186821,586.5736799183502,40.553425791201754,GRAVEDIGGER2
1347041186837,586.5736799183502,40.553425791201754,GRAVEDIGGER2
1347041186853,586.5736799183502,40.553425791201754,GRAVEDIGGER2
1347041186869,585.9622711829926,42.448108384008705,GRAVEDIGGER2
1347041186885,585.9622711829926,42.448108384008705,GRAVEDIGGER2
1347041186901,585.9622711829926,42.448108384008705,GRAVEDIGGER2
1347041186917,585.3572320074165,44.34552838578124,GRAVEDIGGER2
1347041186933,585.3572320074165,44.34552838578124,GRAVEDIGGER2
1347041186949,585.3572320074165,44.34552838578124,GRAVEDIGGER2
1347041186965,584.7583454271428,46.24554217147916,GRAVEDIGGER2
1347041186981,584.7583454271428,46.24554217147916,GRAVEDIGGER2
1347041186997,584.7583454271428,46.24554217147916,GRAVEDIGGER2
1347041187013,584.1654008459062,48.14801436455665,GRAVEDIGGER2
1347041187029,584.1654008459062,48.14801436455665,GRAVEDIGGER2
1347041187045,584.1654008459062,48.14801436455665,GRAVEDIGGER2
1347041187061,583.5781939509052,50.052817335928715,GRAVEDIGGER2
1347041187077,583.5781939509052,50.052817335928715,GRAVEDIGGER2
1347041187093,583.5781939509052,50.052817335928715,GRAVEDIGGER2
1347041187109,582.9965266171894,51.959830733544486,GRAVEDIGGER2
1347041187125,582.9965266171894,51.959830733544486,GRAVEDIGGER2
1347041187141,582.9965266171894,51.959830733544486,GRAVEDIGGER2
1347041187157,582.9965266171894,51.959830733544486,GRAVEDIGGER2
1347041187173,582.4202068029009,53.86894104082967,GRAVEDIGGER2
1347041187189,582.4202068029009,53.86894104082967,GRAVEDIGGER2
1347041187205,582.4202068029009,53.86894104082967,GRAVEDIGGER2
1347041187221,581.849048436896,55.7800411623347,GRAVEDIGGER2
1347041187237,581.849048436896,55.7800411623347,GRAVEDIGGER2
1347041187253,581.849048436896,55.7800411623347,GRAVEDIGGER2
1347041187269,581.2828713001089,57.69303003499932,GRAVEDIGGER2
1347041187285,581.2828713001089,57.69303003499932,GRAVEDIGGER2
1347041187301,581.2828713001089,57.69303003499932,GRAVEDIGGER2
1347041187317,580.7215009018643,59.60781226352007,GRAVEDIGGER2
1347041187333,580.7215009018643,59.60781226352007,GRAVEDIGGER2
1347041187349,580.7215009018643,59.60781226352007,GRAVEDIGGER2
1347041187365,580.1647683522133,61.52429777838033,GRAVEDIGGER2
1347041187381,580.1647683522133,61.52429777838033,GRAVEDIGGER2
1347041187397,580.1647683522133,61.52429777838033,GRAVEDIGGER2
1347041187413,579.6125102312408,63.44240151517669,GRAVEDIGGER2
1347041187429,579.6125102312408,63.44240151517669,GRAVEDIGGER2
1347041187445,579.6125102312408,63.44240151517669,GRAVEDIGGER2
1347041187461,579.0645684561821,65.36204311394629,GRAVEDIGGER2
1347041187477,579.0645684561821,65.36204311394629,GRAVEDIGGER2
1347041187493,579.0645684561821,65.36204311394629,GRAVEDIGGER2
1347041187509,578.5207901470893,67.28314663726938,GRAVEDIGGER2
1347041187525,578.5207901470893,67.28314663726938,GRAVEDIGGER2
1347041187541,578.5207901470893,67.28314663726938,GRAVEDIGGER2
1347041187557,578.5207901470893,67.28314663726938,GRAVEDIGGER2
1347041187573,577.9810274916953,69.20564030598904,GRAVEDIGGER2
1347041187589,577.9810274916953,69.20564030598904,GRAVEDIGGER2
1347041187605,577.9810274916953,69.20564030598904,GRAVEDIGGER2
1347041187621,577.4451376100452,71.12945625145422,GRAVEDIGGER2
1347041187637,577.4451376100452,71.12945625145422,GRAVEDIGGER2
1347041187653,577.4451376100452,71.12945625145422,GRAVEDIGGER2
1347041187669,576.9129824193924,73.05453028325569,GRAVEDIGGER2
1347041187685,576.9129824193924,73.05453028325569,GRAVEDIGGER2
1347041187701,576.9129824193924,73.05453028325569,GRAVEDIGGER2
1347041187717,576.3844284997898,74.98080167148314,GRAVEDIGGER2
1347041187733,576.3844284997898,74.98080167148314,GRAVEDIGGER2
1347041187749,576.3844284997898,74.98080167148314,GRAVEDIGGER2
1347041187765,575.8593469607534,76.90821294258951,GRAVEDIGGER2
1347041187781,575.8593469607534,76.90821294258951,GRAVEDIGGER2
1347041187797,575.8593469607534,76.90821294258951,GRAVEDIGGER2
1347041187813,575.3376133093187,78.83670968800308,GRAVEDIGGER2
1347041187829,575.3376133093187,78.83670968800308,GRAVEDIGGER2
1347041187845,575.3376133093187,78.83670968800308,GRAVEDIGGER2
1347041187861,574.8191073197673,80.766240384679,GRAVEDIGGER2
1347041187877,574.8191073197673,80.766240384679,GRAVEDIGGER2
1347041187893,574.8191073197673,80.766240384679,GRAVEDIGGER2
1347041187909,574.3037129052599,82.6967562268321,GRAVEDIGGER2
1347041187925,574.3037129052599,82.6967562268321,GRAVEDIGGER2
1347041187941,574.3037129052599,82.6967562268321,GRAVEDIGGER2
1347041187957,574.3037129052599,82.6967562268321,GRAVEDIGGER2
1347041187973,573.7913179915727,84.62821096813845,GRAVEDIGGER2
1347041187989,573.7913179915727,84.62821096813845,GRAVEDIGGER2
1347041188005,573.7913179915727,84.62821096813845,GRAVEDIGGER2
1347041188021,573.2818143931042,86.56056077373795,GRAVEDIGGER2
1347041188037,573.2818143931042,86.56056077373795,GRAVEDIGGER2
1347041188053,573.2818143931042,86.56056077373795,GRAVEDIGGER2
1347041188069,572.775097691289,88.4937640814113,GRAVEDIGGER2
1347041188085,572.775097691289,88.4937640814113,GRAVEDIGGER2
1347041188101,572.775097691289,88.4937640814113,GRAVEDIGGER2
1347041188117,572.2710671155285,90.42778147134466,GRAVEDIGGER2
1347041188133,572.2710671155285,90.42778147134466,GRAVEDIGGER2
1347041188149,572.2710671155285,90.42778147134466,GRAVEDIGGER2
1347041188165,571.7696254267285,92.3625755439318,GRAVEDIGGER2
1347041188181,571.7696254267285,92.3625755439318,GRAVEDIGGER2
1347041188197,571.7696254267285,92.3625755439318,GRAVEDIGGER2
1347041188213,571.2706788035097,94.29811080509914,GRAVEDIGGER2
1347041188229,571.2706788035097,94.29811080509914,GRAVEDIGGER2
1347041188245,571.2706788035097,94.29811080509914,GRAVEDIGGER2
1347041188261,570.7741367311419,96.23435355867096,GRAVEDIGGER2
1347041188277,570.7741367311419,96.23435355867096,GRAVEDIGGER2
1347041188293,570.7741367311419,96.23435355867096,GRAVEDIGGER2
1347041188309,570.279911893236,98.17127180532393,GRAVEDIGGER2
1347041188325,570.279911893236,98.17127180532393,GRAVEDIGGER2
1347041188341,570.279911893236,98.17127180532393,GRAVEDIGGER2
1347041188357,570.279911893236,98.17127180532393,GRAVEDIGGER2
1347041188373,569.7879200662139,100.10883514770873,GRAVEDIGGER2
1347041188389,569.7879200662139,100.10883514770873,GRAVEDIGGER2
1347041188405,569.7879200662139,100.10883514770873,GRAVEDIGGER2
1347041188421,569.2980800165647,102.04701470134354,GRAVEDIGGER2
1347041188437,569.2980800165647,102.04701470134354,GRAVEDIGGER2
1347041188453,569.2980800165647,102.04701470134354,GRAVEDIGGER2
1347041188469,568.8103134008844,103.98578301091003,GRAVEDIGGER2
1347041188485,568.8103134008844,103.98578301091003,GRAVEDIGGER2
1347041188501,568.8103134008844,103.98578301091003,GRAVEDIGGER2
1347041188517,568.3245446686883,105.92511397160662,GRAVEDIGGER2
1347041188533,568.3245446686883,105.92511397160662,GRAVEDIGGER2
1347041188549,568.3245446686883,105.92511397160662,GRAVEDIGGER2
1347041188565,567.8407009679753,107.86498275523556,GRAVEDIGGER2
1347041188581,567.8407009679753,107.86498275523556,GRAVEDIGGER2
1347041188597,567.8407009679753,107.86498275523556,GRAVEDIGGER2
1347041188613,567.3587120535185,109.80536574072222,GRAVEDIGGER2
1347041188629,567.3587120535185,109.80536574072222,GRAVEDIGGER2
1347041188645,567.3587120535185,109.80536574072222,GRAVEDIGGER2
1347041188661,566.8785101978488,111.74624044878423,GRAVEDIGGER2
1347041188677,566.8785101978488,111.74624044878423,GRAVEDIGGER2
1347041188693,566.8785101978488,111.74624044878423,GRAVEDIGGER2
1347041188709,566.4000301048944,113.68758548048628,GRAVEDIGGER2
1347041188725,566.4000301048944,113.68758548048628,GRAVEDIGGER2
1347041188741,566.4000301048944,113.68758548048628,GRAVEDIGGER2
1347041188757,566.4000301048944,113.68758548048628,GRAVEDIGGER2
1347041188773,565.923208826235,115.62938045943453,GRAVEDIGGER2
1347041188789,565.923208826235,115.62938045943453,GRAVEDIGGER2
1347041188805,565.923208826235,115.62938045943453,GRAVEDIGGER2
1347041188821,565.4479856799229,117.57160597737978,GRAVEDIGGER2
1347041188837,565.4479856799229,117.57160597737978,GRAVEDIGGER2
1347041188853,565.4479856799229,117.57160597737978,GRAVEDIGGER2
1347041188869,564.9743021718256,119.51424354301385,GRAVEDIGGER2
1347041188885,564.9743021718256,119.51424354301385,GRAVEDIGGER2
1347041188901,564.9743021718256,119.51424354301385,GRAVEDIGGER2
1347041188917,564.5021019194365,121.45727553375853,GRAVEDIGGER2
1347041188933,564.5021019194365,121.45727553375853,GRAVEDIGGER2
1347041188949,564.5021019194365,121.45727553375853,GRAVEDIGGER2
1347041188965,564.0313305781029,123.40068515035802,GRAVEDIGGER2
1347041188981,564.0313305781029,123.40068515035802,GRAVEDIGGER2
1347041188997,564.0313305781029,123.40068515035802,GRAVEDIGGER2
1347041189013,563.561935769615,125.34445637409989,GRAVEDIGGER2
1347041189029,563.561935769615,125.34445637409989,GRAVEDIGGER2
1347041189045,563.561935769615,125.34445637409989,GRAVEDIGGER2
1347041189061,563.0938670131019,127.28857392649982,GRAVEDIGGER2
1347041189077,563.0938670131019,127.28857392649982,GRAVEDIGGER2
1347041189093,563.0938670131019,127.28857392649982,GRAVEDIGGER2
1347041189109,563.0938670131019,127.28857392649982,GRAVEDIGGER2
1347041189125,562.6270756581779,129.23302323129644,GRAVEDIGGER2
1347041189141,562.6270756581779,129.23302323129644,GRAVEDIGGER2
1347041189157,562.6270756581779,129.23302323129644,GRAVEDIGGER2
1347041189173,562.161514820282,131.17779037861308,GRAVEDIGGER2
1347041189189,562.161514820282,131.17779037861308,GRAVEDIGGER2
1347041189205,562.161514820282,131.17779037861308,GRAVEDIGGER2
1347041189221,561.6971393181539,133.122862091152,GRAVEDIGGER2
1347041189237,561.6971393181539,133.122862091152,GRAVEDIGGER2
1347041189253,561.6971393181539,133.122862091152,GRAVEDIGGER2
1347041189269,561.2339056133885,135.0682256922955,GRAVEDIGGER2
1347041189285,561.2339056133885,135.0682256922955,GRAVEDIGGER2
1347041189301,561.2339056133885,135.0682256922955,GRAVEDIGGER2
1347041189317,560.7717717520143,137.01386907599706,GRAVEDIGGER2
1347041189333,560.7717717520143,137.01386907599706,GRAVEDIGGER2
1347041189349,560.7717717520143,137.01386907599706,GRAVEDIGGER2
1347041189365,560.310697308036,138.95978067835247,GRAVEDIGGER2
1347041189381,560.310697308036,138.95978067835247,GRAVEDIGGER2
1347041189397,560.310697308036,138.95978067835247,GRAVEDIGGER2
1347041189413,559.8506433288874,140.90594945074866,GRAVEDIGGER2
1347041189429,559.8506433288874,140.90594945074866,GRAVEDIGGER2
1347041189445,559.8506433288874,140.90594945074866,GRAVEDIGGER2
1347041189461,559.3915722827388,142.85236483449398,GRAVEDIGGER2
1347041189477,559.3915722827388,142.85236483449398,GRAVEDIGGER2
1347041189493,559.3915722827388,142.85236483449398,GRAVEDIGGER2
1347041189509,559.3915722827388,142.85236483449398,GRAVEDIGGER2
1347041189525,558.9334480076034,144.79901673684074,GRAVEDIGGER2
1347041189541,558.9334480076034,144.79901673684074,GRAVEDIGGER2
1347041189557,558.9334480076034,144.79901673684074,GRAVEDIGGER2
1347041189573,558.4762356621892,146.74589550831567,GRAVEDIGGER2
1347041189589,558.4762356621892,146.74589550831567,GRAVEDIGGER2
1347041189605,558.4762356621892,146.74589550831567,GRAVEDIGGER2
1347041189621,558.0199016784438,148.69299192127974,GRAVEDIGGER2
1347041189637,558.0199016784438,148.69299192127974,GRAVEDIGGER2
1347041189653,558.0199016784438,148.69299192127974,GRAVEDIGGER2
1347041189669,557.5644137157392,150.64029714964448,GRAVEDIGGER2
1347041189685,557.5644137157392,150.64029714964448,GRAVEDIGGER2
1347041189701,557.5644137157392,150.64029714964448,GRAVEDIGGER2
1347041189717,557.109740616646,152.58780274967503,GRAVEDIGGER2
1347041189733,557.109740616646,152.58780274967503,GRAVEDIGGER2
1347041189749,557.109740616646,152.58780274967503,GRAVEDIGGER2
1347041189765,556.6558523642476,154.5355006418165,GRAVEDIGGER2
1347041189781,556.6558523642476,154.5355006418165,GRAVEDIGGER2
1347041189797,556.6558523642476,154.5355006418165,GRAVEDIGGER2
1347041189813,556.2027200409436,156.48338309348281,GRAVEDIGGER2
1347041189829,556.2027200409436,156.48338309348281,GRAVEDIGGER2
1347041189845,556.2027200409436,156.48338309348281,GRAVEDIGGER2
1347041189861,555.7503157886975,158.43144270275164,GRAVEDIGGER2
1347041189877,555.7503157886975,158.43144270275164,GRAVEDIGGER2
1347041189893,555.7503157886975,158.43144270275164,GRAVEDIGGER2
1347041189909,555.7503157886975,158.43144270275164,GRAVEDIGGER2
1347041189925,555.2986127706789,160.37967238291284,GRAVEDIGGER2
1347041189941,555.2986127706789,160.37967238291284,GRAVEDIGGER2
1347041189957,555.2986127706789,160.37967238291284,GRAVEDIGGER2
1347041189973,554.8475851342574,162.32806534782034,GRAVEDIGGER2
1347041189989,554.8475851342574,162.32806534782034,GRAVEDIGGER2
1347041190005,554.8475851342574,162.32806534782034,GRAVEDIGGER2
1347041190021,554.3972079753023,164.27661509800168,GRAVEDIGGER2
1347041190037,554.3972079753023,164.27661509800168,GRAVEDIGGER2
1347041190053,554.3972079753023,164.27661509800168,GRAVEDIGGER2
1347041190069,553.9474573037451,166.22531540748105,GRAVEDIGGER2
1347041190085,553.9474573037451,166.22531540748105,GRAVEDIGGER2
1347041190101,553.9474573037451,166.22531540748105,GRAVEDIGGER2
1347041190117,553.4983100103638,168.17416031127564,GRAVEDIGGER2
1347041190133,553.4983100103638,168.17416031127564,GRAVEDIGGER2
1347041190149,553.4983100103638,168.17416031127564,GRAVEDIGGER2
1347041190165,553.0497438347467,170.1231440935266,GRAVEDIGGER2
1347041190181,553.0497438347467,170.1231440935266,GRAVEDIGGER2
1347041190197,553.0497438347467,170.1231440935266,GRAVEDIGGER2
1347041190213,552.6017373343974,172.0722612762288,GRAVEDIGGER2
1347041190229,552.6017373343974,172.0722612762288,GRAVEDIGGER2
1347041190245,552.6017373343974,172.0722612762288,GRAVEDIGGER2
1347041190261,552.1542698549412,174.02150660852604,GRAVEDIGGER2
1347041190277,552.1542698549412,174.02150660852604,GRAVEDIGGER2
1347041190293,552.1542698549412,174.02150660852604,GRAVEDIGGER2
1347041190309,552.1542698549412,174.02150660852604,GRAVEDIGGER2
1347041190325,551.7073215013963,175.97087505653965,GRAVEDIGGER2
1347041190341,551.7073215013963,175.97087505653965,GRAVEDIGGER2
1347041190357,551.7073215013963,175.97087505653965,GRAVEDIGGER2
1347041190373,551.2608731104737,177.9203617937013,GRAVEDIGGER2
1347041190389,551.2608731104737,177.9203617937013,GRAVEDIGGER2
1347041190405,551.2608731104737,177.9203617937013,GRAVEDIGGER2
1347041190421,550.8149062238687,179.8699621915615,GRAVEDIGGER2
1347041190437,550.8149062238687,179.8699621915615,GRAVEDIGGER2
1347041190453,550.8149062238687,179.8699621915615,GRAVEDIGGER2
1347041190469,550.3694030625132,181.8196718110486,GRAVEDIGGER2
1347041190485,550.3694030625132,181.8196718110486,GRAVEDIGGER2
1347041190501,550.3694030625132,181.8196718110486,GRAVEDIGGER2
1347041190517,549.9243465017524,183.76948639415272,GRAVEDIGGER2
1347041190533,549.9243465017524,183.76948639415272,GRAVEDIGGER2
1347041190549,549.9243465017524,183.76948639415272,GRAVEDIGGER2
1347041190565,549.479720047415,185.7194018560122,GRAVEDIGGER2
1347041190581,549.479720047415,185.7194018560122,GRAVEDIGGER2
1347041190597,549.479720047415,185.7194018560122,GRAVEDIGGER2
1347041190613,549.0355078127465,187.66941427738053,GRAVEDIGGER2
1347041190629,549.0355078127465,187.66941427738053,GRAVEDIGGER2
1347041190645,549.0355078127465,187.66941427738053,GRAVEDIGGER2
1347041190661,549.0355078127465,187.66941427738053,GRAVEDIGGER2
1347041190677,548.5916944961754,189.61951989745333,GRAVEDIGGER2
1347041190693,548.5916944961754,189.61951989745333,GRAVEDIGGER2
1347041190709,548.5916944961754,189.61951989745333,GRAVEDIGGER2
1347041190725,548.1482653598817,191.56971510703661,GRAVEDIGGER2
1347041190741,548.1482653598817,191.56971510703661,GRAVEDIGGER2
1347041190757,548.1482653598817,191.56971510703661,GRAVEDIGGER2
1347041190773,547.7052062091416,193.5199964420374,GRAVEDIGGER2
1347041190789,547.7052062091416,193.5199964420374,GRAVEDIGGER2
1347041190805,547.7052062091416,193.5199964420374,GRAVEDIGGER2
1347041190821,547.2625033724189,195.4703605772608,GRAVEDIGGER2
1347041190837,547.2625033724189,195.4703605772608,GRAVEDIGGER2
1347041190853,547.2625033724189,195.4703605772608,GRAVEDIGGER2
1347041190869,546.8201436821795,197.42080432049627,GRAVEDIGGER2
1347041190885,546.8201436821795,197.42080432049627,GRAVEDIGGER2
1347041190901,546.8201436821795,197.42080432049627,GRAVEDIGGER2
1347041190917,546.3781144564006,199.3713246068793,GRAVEDIGGER2
1347041190933,546.3781144564006,199.3713246068793,GRAVEDIGGER2
1347041190949,546.3781144564006,199.3713246068793,GRAVEDIGGER2
1347041190965,545.9364034807521,201.3219184935131,GRAVEDIGGER2
1347041190981,545.9364034807521,201.3219184935131,GRAVEDIGGER2
1347041190997,545.9364034807521,201.3219184935131,GRAVEDIGGER2
1347041191013,545.4949989914254,203.27258315433787,GRAVEDIGGER2
1347041191029,545.4949989914254,203.27258315433787,GRAVEDIGGER2
1347041191045,545.4949989914254,203.27258315433787,GRAVEDIGGER2
1347041191061,545.4949989914254,203.27258315433787,GRAVEDIGGER2
1347041191077,545.0538896585864,205.2233158752342,GRAVEDIGGER2
1347041191093,545.0538896585864,205.2233158752342,GRAVEDIGGER2
1347041191109,545.0538896585864,205.2233158752342,GRAVEDIGGER2
1347041191125,544.6130645704313,207.17411404934947,GRAVEDIGGER2
1347041191141,544.6130645704313,207.17411404934947,GRAVEDIGGER2
1347041191157,544.6130645704313,207.17411404934947,GRAVEDIGGER2
1347041191173,544.1725132178229,209.12497517263543,GRAVEDIGGER2
1347041191189,544.1725132178229,209.12497517263543,GRAVEDIGGER2
1347041191205,544.1725132178229,209.12497517263543,GRAVEDIGGER2
1347041191221,543.7322254794869,211.0758968395865,GRAVEDIGGER2
1347041191237,543.7322254794869,211.0758968395865,GRAVEDIGGER2
1347041191253,543.7322254794869,211.0758968395865,GRAVEDIGGER2
1347041191269,543.2921916077485,213.026876739169,GRAVEDIGGER2
1347041191285,543.2921916077485,213.026876739169,GRAVEDIGGER2
1347041191301,543.2921916077485,213.026876739169,GRAVEDIGGER2
1347041191317,542.8524022147892,214.97791265093173,GRAVEDIGGER2
1347041191333,542.8524022147892,214.97791265093173,GRAVEDIGGER2
1347041191349,542.8524022147892,214.97791265093173,GRAVEDIGGER2
1347041191365,542.412848259406,216.9290024412887,GRAVEDIGGER2
1347041191381,542.412848259406,216.9290024412887,GRAVEDIGGER2
1347041191397,542.412848259406,216.9290024412887,GRAVEDIGGER2
1347041191413,542.412848259406,216.9290024412887,GRAVEDIGGER2
1347041191429,541.9735210342541,218.880144059966,GRAVEDIGGER2
1347041191445,541.9735210342541,218.880144059966,GRAVEDIGGER2
1347041191461,541.9735210342541,218.880144059966,GRAVEDIGGER2
1347041191477,541.5344121535559,220.83133553660483,GRAVEDIGGER2
1347041191493,541.5344121535559,220.83133553660483,GRAVEDIGGER2
1347041191509,541.5344121535559,220.83133553660483,GRAVEDIGGER2
1347041191525,541.0955135412603,222.78257497751233,GRAVEDIGGER2
1347041191541,541.0955135412603,222.78257497751233,GRAVEDIGGER2
1347041191557,541.0955135412603,222.78257497751233,GRAVEDIGGER2
1347041191573,540.6568174196349,224.73386056255458,GRAVEDIGGER2
1347041191589,540.6568174196349,224.73386056255458,GRAVEDIGGER2
1347041191605,540.6568174196349,224.73386056255458,GRAVEDIGGER2
1347041191621,540.2183162982758,226.68519054218334,GRAVEDIGGER2
1347041191637,540.2183162982758,226.68519054218334,GRAVEDIGGER2
1347041191653,540.2183162982758,226.68519054218334,GRAVEDIGGER2
1347041191669,539.7800029635206,228.63656323459142,GRAVEDIGGER2
1347041191685,539.7800029635206,228.63656323459142,GRAVEDIGGER2
1347041191701,539.7800029635206,228.63656323459142,GRAVEDIGGER2
1347041191717,539.3418704682489,230.58797702299006,GRAVEDIGGER2
1347041191733,539.3418704682489,230.58797702299006,GRAVEDIGGER2
1347041191749,539.3418704682489,230.58797702299006,GRAVEDIGGER2
1347041191765,538.9039121220571,232.53943035300244,GRAVEDIGGER2
1347041191781,538.9039121220571,232.53943035300244,GRAVEDIGGER2
1347041191797,538.9039121220571,232.53943035300244,GRAVEDIGGER2
1347041191813,538.9039121220571,232.53943035300244,GRAVEDIGGER2
1347041191829,538.466121481794,234.49092173016845,GRAVEDIGGER2
1347041191845,538.466121481794,234.49092173016845,GRAVEDIGGER2
1347041191861,538.466121481794,234.49092173016845,GRAVEDIGGER2
1347041191877,538.0284923424421,236.44244971755495,GRAVEDIGGER2
1347041191893,538.0284923424421,236.44244971755495,GRAVEDIGGER2
1347041191909,538.0284923424421,236.44244971755495,GRAVEDIGGER2
1347041191925,537.591018728336,238.39401293346714,GRAVEDIGGER2
1347041191941,537.591018728336,238.39401293346714,GRAVEDIGGER2
1347041191957,537.591018728336,238.39401293346714,GRAVEDIGGER2
1347041191973,537.1536948847018,240.3456100492559,GRAVEDIGGER2
1347041191989,537.1536948847018,240.3456100492559,GRAVEDIGGER2
1347041192005,537.1536948847018,240.3456100492559,GRAVEDIGGER2
1347041192021,536.7165152695072,242.29723978721728,GRAVEDIGGER2
1347041192037,536.7165152695072,242.29723978721728,GRAVEDIGGER2
1347041192053,536.7165152695072,242.29723978721728,GRAVEDIGGER2
1347041192069,536.2794745456118,244.24890091857952,GRAVEDIGGER2
1347041192085,536.2794745456118,244.24890091857952,GRAVEDIGGER2
1347041192101,536.2794745456118,244.24890091857952,GRAVEDIGGER2
1347041192117,535.8425675732059,246.20059226157375,GRAVEDIGGER2
1347041192133,535.8425675732059,246.20059226157375,GRAVEDIGGER2
1347041192149,535.8425675732059,246.20059226157375,GRAVEDIGGER2
1347041192165,535.4057894025267,248.15231267958464,GRAVEDIGGER2
1347041192181,535.4057894025267,248.15231267958464,GRAVEDIGGER2
1347041192197,535.4057894025267,248.15231267958464,GRAVEDIGGER2
1347041192213,535.4057894025267,248.15231267958464,GRAVEDIGGER2
1347041192229,534.969135266843,250.10406107937763,GRAVEDIGGER2
1347041192245,534.969135266843,250.10406107937763,GRAVEDIGGER2
1347041192261,534.969135266843,250.10406107937763,GRAVEDIGGER2
1347041192277,534.5326005756978,252.05583640939884,GRAVEDIGGER2
1347041192293,534.5326005756978,252.05583640939884,GRAVEDIGGER2
1347041192309,534.5326005756978,252.05583640939884,GRAVEDIGGER2
1347041192325,534.0961809083996,254.00763765814474,GRAVEDIGGER2
1347041192341,534.0961809083996,254.00763765814474,GRAVEDIGGER2
1347041192357,534.0961809083996,254.00763765814474,GRAVEDIGGER2
1347041192373,533.6598720077533,255.95946385259887,GRAVEDIGGER2
1347041192389,533.6598720077533,255.95946385259887,GRAVEDIGGER2
1347041192405,533.6598720077533,255.95946385259887,GRAVEDIGGER2
1347041192421,533.2236697740219,257.91131405673167,GRAVEDIGGER2
1347041192437,533.2236697740219,257.91131405673167,GRAVEDIGGER2
1347041192453,533.2236697740219,257.91131405673167,GRAVEDIGGER2
1347041192469,532.7875702591105,259.8631873700619,GRAVEDIGGER2
1347041192485,532.7875702591105,259.8631873700619,GRAVEDIGGER2
1347041192501,532.7875702591105,259.8631873700619,GRAVEDIGGER2
1347041192517,532.3515696609645,261.81508292627586,GRAVEDIGGER2
1347041192533,532.3515696609645,261.81508292627586,GRAVEDIGGER2
1347041192549,532.3515696609645,261.81508292627586,GRAVEDIGGER2
1347041192565,532.3515696609645,261.81508292627586,GRAVEDIGGER2
1347041192581,531.9156643181747,263.7669998919027,GRAVEDIGGER2
1347041192597,531.9156643181747,263.7669998919027,GRAVEDIGGER2
1347041192613,531.9156643181747,263.7669998919027,GRAVEDIGGER2
1347041192629,531.4798507047803,265.7189374650429,GRAVEDIGGER2
1347041192645,531.4798507047803,265.7189374650429,GRAVEDIGGER2
1347041192661,531.4798507047803,265.7189374650429,GRAVEDIGGER2
1347041192677,531.0441254252647,267.6708948741482,GRAVEDIGGER2
1347041192693,531.0441254252647,267.6708948741482,GRAVEDIGGER2
1347041192709,531.0441254252647,267.6708948741482,GRAVEDIGGER2
1347041192725,530.608485209734,269.62287137684973,GRAVEDIGGER2
1347041192741,530.608485209734,269.62287137684973,GRAVEDIGGER2
1347041192757,530.608485209734,269.62287137684973,GRAVEDIGGER2
1347041192773,530.1729269092752,271.57486625883377,GRAVEDIGGER2
1347041192789,530.1729269092752,271.57486625883377,GRAVEDIGGER2
1347041192805,530.1729269092752,271.57486625883377,GRAVEDIGGER2
1347041192821,529.7374474914844,273.52687883276195,GRAVEDIGGER2
1347041192837,529.7374474914844,273.52687883276195,GRAVEDIGGER2
1347041192853,529.7374474914844,273.52687883276195,GRAVEDIGGER2
1347041192869,529.3020440361603,275.4789084372342,GRAVEDIGGER2
1347041192885,529.3020440361603,275.4789084372342,GRAVEDIGGER2
1347041192901,529.3020440361603,275.4789084372342,GRAVEDIGGER2
1347041192917,528.8667137311561,277.4309544357934,GRAVEDIGGER2
1347041192933,528.8667137311561,277.4309544357934,GRAVEDIGGER2
1347041192949,528.8667137311561,277.4309544357934,GRAVEDIGGER2
1347041192965,528.8667137311561,277.4309544357934,GRAVEDIGGER2
1347041192981,528.4314538683857,279.3830162159688,GRAVEDIGGER2
1347041192997,528.4314538683857,279.3830162159688,GRAVEDIGGER2
1347041193013,528.4314538683857,279.3830162159688,GRAVEDIGGER2
1347041193029,527.9962618399757,281.3350931883577,GRAVEDIGGER2
1347041193045,527.9962618399757,281.3350931883577,GRAVEDIGGER2
1347041193061,527.9962618399757,281.3350931883577,GRAVEDIGGER2
1347041193077,527.5611351345602,283.2871847857433,GRAVEDIGGER2
1347041193093,527.5611351345602,283.2871847857433,GRAVEDIGGER2
1347041193109,527.5611351345602,283.2871847857433,GRAVEDIGGER2
1347041193125,527.1260713337131,285.2392904622469,GRAVEDIGGER2
1347041193141,527.1260713337131,285.2392904622469,GRAVEDIGGER2
1347041193157,527.1260713337131,285.2392904622469,GRAVEDIGGER2
1347041193173,526.6910681085101,287.19140969251373,GRAVEDIGGER2
1347041193189,526.6910681085101,287.19140969251373,GRAVEDIGGER2
1347041193205,526.6910681085101,287.19140969251373,GRAVEDIGGER2
1347041193221,526.2561232162199,289.1435419709305,GRAVEDIGGER2
1347041193237,526.2561232162199,289.1435419709305,GRAVEDIGGER2
1347041193253,526.2561232162199,289.1435419709305,GRAVEDIGGER2
1347041193269,525.8212344971159,291.09568681087364,GRAVEDIGGER2
1347041193285,525.8212344971159,291.09568681087364,GRAVEDIGGER2
1347041193301,525.8212344971159,291.09568681087364,GRAVEDIGGER2
1347041193317,525.8212344971159,291.09568681087364,GRAVEDIGGER2
1347041193333,525.386399871407,293.04784374398673,GRAVEDIGGER2
1347041193349,525.386399871407,293.04784374398673,GRAVEDIGGER2
1347041193365,525.386399871407,293.04784374398673,GRAVEDIGGER2
1347041193381,524.9516173362798,295.00001231948653,GRAVEDIGGER2
1347041193397,524.9516173362798,295.00001231948653,GRAVEDIGGER2
1347041193413,524.9516173362798,295.00001231948653,GRAVEDIGGER2
1347041193429,524.5168849630527,296.95219210349507,GRAVEDIGGER2
1347041193445,524.5168849630527,296.95219210349507,GRAVEDIGGER2
1347041193461,524.5168849630527,296.95219210349507,GRAVEDIGGER2
1347041193477,524.0822008944326,298.9043826783989,GRAVEDIGGER2
1347041193493,524.0822008944326,298.9043826783989,GRAVEDIGGER2
1347041193509,524.0822008944326,298.9043826783989,GRAVEDIGGER2
1347041193525,523.6475633418748,300.8565836422322,GRAVEDIGGER2
1347041193541,523.6475633418748,300.8565836422322,GRAVEDIGGER2
1347041193557,523.6475633418748,300.8565836422322,GRAVEDIGGER2
1347041193573,523.2129705830396,302.808794608084,GRAVEDIGGER2
1347041193589,523.2129705830396,302.808794608084,GRAVEDIGGER2
1347041193605,523.2129705830396,302.808794608084,GRAVEDIGGER2
1347041193621,522.7784209593424,304.7610152035289,GRAVEDIGGER2
1347041193637,522.7784209593424,304.7610152035289,GRAVEDIGGER2
1347041193653,522.7784209593424,304.7610152035289,GRAVEDIGGER2
1347041193669,522.3439128735957,306.71324507007887,GRAVEDIGGER2
1347041193685,522.3439128735957,306.71324507007887,GRAVEDIGGER2
1347041193701,522.3439128735957,306.71324507007887,GRAVEDIGGER2
1347041193717,522.3439128735957,306.71324507007887,GRAVEDIGGER2
1347041193733,521.9094447877372,308.6654838626567,GRAVEDIGGER2
1347041193749,521.9094447877372,308.6654838626567,GRAVEDIGGER2
1347041193765,521.9094447877372,308.6654838626567,GRAVEDIGGER2
1347041193781,521.4750152206421,310.6177312490895,GRAVEDIGGER2
1347041193797,521.4750152206421,310.6177312490895,GRAVEDIGGER2
1347041193813,521.4750152206421,310.6177312490895,GRAVEDIGGER2
1347041193829,521.0406227460165,312.56998690962206,GRAVEDIGGER2
1347041193845,521.0406227460165,312.56998690962206,GRAVEDIGGER2
1347041193861,521.0406227460165,312.56998690962206,GRAVEDIGGER2
1347041193877,520.6062659903681,314.5222505364483,GRAVEDIGGER2
1347041193893,520.6062659903681,314.5222505364483,GRAVEDIGGER2
1347041193909,520.6062659903681,314.5222505364483,GRAVEDIGGER2
1347041193925,520.1719436310528,316.4745218332612,GRAVEDIGGER2
1347041193941,520.1719436310528,316.4745218332612,GRAVEDIGGER2
1347041193957,520.1719436310528,316.4745218332612,GRAVEDIGGER2
1347041193973,519.7376543943928,318.4268005148194,GRAVEDIGGER2
1347041193989,519.7376543943928,318.4268005148194,GRAVEDIGGER2
1347041194005,519.7376543943928,318.4268005148194,GRAVEDIGGER2
1347041194021,519.3033970538647,320.379086306531,GRAVEDIGGER2
1347041194037,519.3033970538647,320.379086306531,GRAVEDIGGER2
1347041194053,519.3033970538647,320.379086306531,GRAVEDIGGER2
1347041194069,518.8691704283541,322.3313789440531,GRAVEDIGGER2
1347041194085,518.8691704283541,322.3313789440531,GRAVEDIGGER2
1347041194101,518.8691704283541,322.3313789440531,GRAVEDIGGER2
1347041194117,518.8691704283541,322.3313789440531,GRAVEDIGGER2
1347041194133,518.4349733804753,324.28367817290587,GRAVEDIGGER2
1347041194149,518.4349733804753,324.28367817290587,GRAVEDIGGER2
1347041194165,518.4349733804753,324.28367817290587,GRAVEDIGGER2
1347041194181,518.000804814953,326.23598374810274,GRAVEDIGGER2
1347041194197,518.000804814953,326.23598374810274,GRAVEDIGGER2
1347041194213,518.000804814953,326.23598374810274,GRAVEDIGGER2
1347041194229,517.5666636770634,328.18829543379314,GRAVEDIGGER2
1347041194245,517.5666636770634,328.18829543379314,GRAVEDIGGER2
1347041194261,517.5666636770634,328.18829543379314,GRAVEDIGGER2
1347041194277,517.1325489511339,330.1406130029202,GRAVEDIGGER2
1347041194293,517.1325489511339,330.1406130029202,GRAVEDIGGER2
1347041194309,517.1325489511339,330.1406130029202,GRAVEDIGGER2
1347041194325,516.6984596590971,332.0929362368903,GRAVEDIGGER2
1347041194341,516.6984596590971,332.0929362368903,GRAVEDIGGER2
1347041194357,516.6984596590971,332.0929362368903,GRAVEDIGGER2
1347041194373,516.2643948590992,334.04526492525616,GRAVEDIGGER2
1347041194389,516.2643948590992,334.04526492525616,GRAVEDIGGER2
1347041194405,516.2643948590992,334.04526492525616,GRAVEDIGGER2
1347041194421,515.8303536441595,335.99759886541096,GRAVEDIGGER2
1347041194437,515.8303536441595,335.99759886541096,GRAVEDIGGER2
1347041194453,515.8303536441595,335.99759886541096,GRAVEDIGGER2
1347041194469,515.8303536441595,335.99759886541096,GRAVEDIGGER2
1347041194485,515.3963351408795,337.94993786229514,GRAVEDIGGER2
1347041194501,515.3963351408795,337.94993786229514,GRAVEDIGGER2
1347041194517,515.3963351408795,337.94993786229514,GRAVEDIGGER2
1347041194533,514.9623385082001,339.9022817281134,GRAVEDIGGER2
1347041194549,514.9623385082001,339.9022817281134,GRAVEDIGGER2
1347041194565,514.9623385082001,339.9022817281134,GRAVEDIGGER2
1347041194581,514.935439091624,340.0232897699597,GRAVEDIGGER2
1347041194597,514.935439091624,340.0232897699597,GRAVEDIGGER2
1347041194613,514.935439091624,340.0232897699597,GRAVEDIGGER2
1347041194629,514.935439091624,340.0232897699597,GRAVEDIGGER2
1347041194645,514.935439091624,340.0232897699597,GRAVEDIGGER2
1347041194661,514.935439091624,340.0232897699597,GRAVEDIGGER2
1347041194677,514.935439091624,340.0232897699597,GRAVEDIGGER2
1347041194693,514.935439091624,340.0232897699597,GRAVEDIGGER2
1347041194709,514.935439091624,340.0232897699597,GRAVEDIGGER2
1347041194725,514.935439091624,340.0232897699597,GRAVEDIGGER2
1347041194741,514.935439091624,340.0232897699597,GRAVEDIGGER2
1347041194757,514.935439091624,340.0232897699597,GRAVEDIGGER2
1347041194773,514.935439091624,340.0232897699597,GRAVEDIGGER2
1347041194789,514.935439091624,340.0232897699597,GRAVEDIGGER2
1347041194805,514.935439091624,340.0232897699597,GRAVEDIGGER2
1347041194821,514.935439091624,340.0232897699597,GRAVEDIGGER2
1347041194845,514.935439091624,340.0232897699597,GRAVEDIGGER2
1347041194853,514.935439091624,340.0232897699597,GRAVEDIGGER2
1347041194869,514.935439091624,340.0232897699597,GRAVEDIGGER2
1347041194885,514.935439091624,340.0232897699597,GRAVEDIGGER2
1347041194901,514.935439091624,340.0232897699597,GRAVEDIGGER2
1347041194917,514.935439091624,340.0232897699597,GRAVEDIGGER2
1347041194937,514.935439091624,340.0232897699597,GRAVEDIGGER2
1347041194949,514.935439091624,340.0232897699597,GRAVEDIGGER2
1347041194965,514.935439091624,340.0232897699597,GRAVEDIGGER2
1347041194981,514.935439091624,340.0232897699597,GRAVEDIGGER2
1347041194997,514.935439091624,340.0232897699597,GRAVEDIGGER2
1347041195013,514.935439091624,340.0232897699597,GRAVEDIGGER2
1347041195030,514.935439091624,340.0232897699597,GRAVEDIGGER2
1347041195045,514.935439091624,340.0232897699597,GRAVEDIGGER2
1347041195061,514.935439091624,340.0232897699597,GRAVEDIGGER2
1347041195077,514.935439091624,340.0232897699597,GRAVEDIGGER2
1347041195093,514.935439091624,340.0232897699597,GRAVEDIGGER2
1347041195109,514.935439091624,340.0232897699597,GRAVEDIGGER2
1347041195125,514.935439091624,340.0232897699597,GRAVEDIGGER2
1347041195141,514.935439091624,340.0232897699597,GRAVEDIGGER2
1347041195157,514.935439091624,340.0232897699597,GRAVEDIGGER2
1347041195173,514.935439091624,340.0232897699597,GRAVEDIGGER2
1347041195189,514.935439091624,340.0232897699597,GRAVEDIGGER2
1347041195205,514.935439091624,340.0232897699597,GRAVEDIGGER2
1347041195221,514.935439091624,340.0232897699597,GRAVEDIGGER2
1347041195237,514.935439091624,340.0232897699597,GRAVEDIGGER2
1347041195253,514.935439091624,340.0232897699597,GRAVEDIGGER2
1347041195269,514.935439091624,340.0232897699597,GRAVEDIGGER2
1347041195285,514.935439091624,340.0232897699597,GRAVEDIGGER2
1347041195301,514.935439091624,340.0232897699597,GRAVEDIGGER2
1347041195317,514.935439091624,340.0232897699597,GRAVEDIGGER2
1347041195333,514.935439091624,340.0232897699597,GRAVEDIGGER2
1347041195349,514.935439091624,340.0232897699597,GRAVEDIGGER2
1347041195365,514.935439091624,340.0232897699597,GRAVEDIGGER2
1347041195381,514.935439091624,340.0232897699597,GRAVEDIGGER2
1347041195397,514.935439091624,340.0232897699597,GRAVEDIGGER2
1347041195413,514.935439091624,340.0232897699597,GRAVEDIGGER2
1347041195429,514.935439091624,340.0232897699597,GRAVEDIGGER2
1347041195445,514.935439091624,340.0232897699597,GRAVEDIGGER2
1347041195461,514.935439091624,340.0232897699597,GRAVEDIGGER2
1347041195477,514.935439091624,340.0232897699597,GRAVEDIGGER2
1347041195493,514.935439091624,340.0232897699597,GRAVEDIGGER2
1347041195509,514.935439091624,340.0232897699597,GRAVEDIGGER2
1347041195525,514.935439091624,340.0232897699597,GRAVEDIGGER2
1347041195541,514.935439091624,340.0232897699597,GRAVEDIGGER2
1347041195557,514.935439091624,340.0232897699597,GRAVEDIGGER2
1347041195573,514.935439091624,340.0232897699597,GRAVEDIGGER2
1347041195589,514.935439091624,340.0232897699597,GRAVEDIGGER2
1347041195605,514.935439091624,340.0232897699597,GRAVEDIGGER2
1347041195621,514.935439091624,340.0232897699597,GRAVEDIGGER2
1347041195637,514.935439091624,340.0232897699597,GRAVEDIGGER2
1347041195653,514.935439091624,340.0232897699597,GRAVEDIGGER2
1347041195669,514.935439091624,340.0232897699597,GRAVEDIGGER2
1347041195685,514.935439091624,340.0232897699597,GRAVEDIGGER2
1347041195701,514.935439091624,340.0232897699597,GRAVEDIGGER2
1347041195717,514.935439091624,340.0232897699597,GRAVEDIGGER2
1347041195733,514.935439091624,340.0232897699597,GRAVEDIGGER2
1347041195749,514.935439091624,340.0232897699597,GRAVEDIGGER2
1347041195765,514.935439091624,340.0232897699597,GRAVEDIGGER2
1347041195781,514.935439091624,340.0232897699597,GRAVEDIGGER2
1347041195797,514.935439091624,340.0232897699597,GRAVEDIGGER2
1347041195813,514.935439091624,340.0232897699597,GRAVEDIGGER2
1347041195829,514.935439091624,340.0232897699597,GRAVEDIGGER2
1347041195845,514.935439091624,340.0232897699597,GRAVEDIGGER2
1347041195861,514.935439091624,340.0232897699597,GRAVEDIGGER2
1347041195877,514.935439091624,340.0232897699597,GRAVEDIGGER2
1347041195893,514.935439091624,340.0232897699597,GRAVEDIGGER2
1347041195909,514.935439091624,340.0232897699597,GRAVEDIGGER2
1347041195925,514.935439091624,340.0232897699597,GRAVEDIGGER2
1347041195941,514.935439091624,340.0232897699597,GRAVEDIGGER2
1347041195957,514.935439091624,340.0232897699597,GRAVEDIGGER2
1347041195973,514.935439091624,340.0232897699597,GRAVEDIGGER2
1347041195989,514.935439091624,340.0232897699597,GRAVEDIGGER2
1347041196005,514.935439091624,340.0232897699597,GRAVEDIGGER2
1347041196021,514.935439091624,340.0232897699597,GRAVEDIGGER2
1347041196037,514.935439091624,340.0232897699597,GRAVEDIGGER2
1347041196053,514.935439091624,340.0232897699597,GRAVEDIGGER2
1347041196069,514.935439091624,340.0232897699597,GRAVEDIGGER2
1347041196085,514.935439091624,340.0232897699597,GRAVEDIGGER2
1347041196101,514.935439091624,340.0232897699597,GRAVEDIGGER2
1347041196117,514.935439091624,340.0232897699597,GRAVEDIGGER2
1347041196133,514.935439091624,340.0232897699597,GRAVEDIGGER2
1347041196149,514.935439091624,340.0232897699597,GRAVEDIGGER2
1347041196165,514.935439091624,340.0232897699597,GRAVEDIGGER2
1347041196181,514.935439091624,340.0232897699597,GRAVEDIGGER2
1347041196197,514.935439091624,340.0232897699597,GRAVEDIGGER2
1347041196213,514.935439091624,340.0232897699597,GRAVEDIGGER2
1347041196229,514.935439091624,340.0232897699597,GRAVEDIGGER2
1347041196245,514.935439091624,340.0232897699597,GRAVEDIGGER2
1347041196261,514.935439091624,340.0232897699597,GRAVEDIGGER2
1347041196277,514.935439091624,340.0232897699597,GRAVEDIGGER2
1347041196293,514.935439091624,340.0232897699597,GRAVEDIGGER2
1347041196309,514.935439091624,340.0232897699597,GRAVEDIGGER2
1347041196325,514.935439091624,340.0232897699597,GRAVEDIGGER2
1347041196341,514.935439091624,340.0232897699597,GRAVEDIGGER2
1347041196357,514.935439091624,340.0232897699597,GRAVEDIGGER2
1347041196373,514.935439091624,340.0232897699597,GRAVEDIGGER2
1347041196389,514.935439091624,340.0232897699597,GRAVEDIGGER2
1347041196405,514.935439091624,340.0232897699597,GRAVEDIGGER2
1347041196421,514.935439091624,340.0232897699597,GRAVEDIGGER2
1347041196437,514.935439091624,340.0232897699597,GRAVEDIGGER2
1347041196453,514.935439091624,340.0232897699597,GRAVEDIGGER2
1347041196469,514.935439091624,340.0232897699597,GRAVEDIGGER2
1347041196485,514.935439091624,340.0232897699597,GRAVEDIGGER2
1347041196501,514.935439091624,340.0232897699597,GRAVEDIGGER2
1347041196517,514.935439091624,340.0232897699597,GRAVEDIGGER2
1347041196533,514.935439091624,340.0232897699597,GRAVEDIGGER2
1347041196549,514.935439091624,340.0232897699597,GRAVEDIGGER2
1347041196565,514.935439091624,340.0232897699597,GRAVEDIGGER2
1347041196581,514.935439091624,340.0232897699597,GRAVEDIGGER2
1347041196597,514.935439091624,340.0232897699597,GRAVEDIGGER2
1347041196613,514.935439091624,340.0232897699597,GRAVEDIGGER2
1347041196629,514.935439091624,340.0232897699597,GRAVEDIGGER2
1347041196645,514.935439091624,340.0232897699597,GRAVEDIGGER2
1347041196661,514.935439091624,340.0232897699597,GRAVEDIGGER2
1347041196677,514.935439091624,340.0232897699597,GRAVEDIGGER2
1347041196693,514.935439091624,340.0232897699597,GRAVEDIGGER2
1347041196709,514.935439091624,340.0232897699597,GRAVEDIGGER2
1347041196725,514.935439091624,340.0232897699597,GRAVEDIGGER2
1347041196741,514.935439091624,340.0232897699597,GRAVEDIGGER2
1347041196757,514.935439091624,340.0232897699597,GRAVEDIGGER2
1347041196773,514.935439091624,340.0232897699597,GRAVEDIGGER2
1347041196789,514.935439091624,340.0232897699597,GRAVEDIGGER2
1347041196805,514.935439091624,340.0232897699597,GRAVEDIGGER2
1347041196821,514.935439091624,340.0232897699597,GRAVEDIGGER2
1347041196837,514.935439091624,340.0232897699597,GRAVEDIGGER2
1347041196853,514.935439091624,340.0232897699597,GRAVEDIGGER2
1347041196869,514.935439091624,340.0232897699597,GRAVEDIGGER2
1347041196885,514.935439091624,340.0232897699597,GRAVEDIGGER2
1347041196901,514.935439091624,340.0232897699597,GRAVEDIGGER2
1347041196917,514.935439091624,340.0232897699597,GRAVEDIGGER2
1347041196933,514.935439091624,340.0232897699597,GRAVEDIGGER2
1347041196949,514.935439091624,340.0232897699597,GRAVEDIGGER2
1347041196965,514.935439091624,340.0232897699597,GRAVEDIGGER2
1347041196981,514.935439091624,340.0232897699597,GRAVEDIGGER2
1347041196997,514.935439091624,340.0232897699597,GRAVEDIGGER2
1347041197013,514.935439091624,340.0232897699597,GRAVEDIGGER2
1347041197029,514.935439091624,340.0232897699597,GRAVEDIGGER2
1347041197045,514.935439091624,340.0232897699597,GRAVEDIGGER2
1347041197061,514.935439091624,340.0232897699597,GRAVEDIGGER2
1347041197077,514.935439091624,340.0232897699597,GRAVEDIGGER2
1347041197093,514.935439091624,340.0232897699597,GRAVEDIGGER2
1347041197109,514.935439091624,340.0232897699597,GRAVEDIGGER2
1347041197125,514.935439091624,340.0232897699597,GRAVEDIGGER2
1347041197141,514.935439091624,340.0232897699597,GRAVEDIGGER2
1347041197157,514.935439091624,340.0232897699597,GRAVEDIGGER2
1347041197173,514.935439091624,340.0232897699597,GRAVEDIGGER2
1347041197189,514.935439091624,340.0232897699597,GRAVEDIGGER2
1347041197205,514.935439091624,340.0232897699597,GRAVEDIGGER2
1347041197221,514.935439091624,340.0232897699597,GRAVEDIGGER2
1347041197237,514.935439091624,340.0232897699597,GRAVEDIGGER2
1347041197253,514.935439091624,340.0232897699597,GRAVEDIGGER2
1347041197269,514.935439091624,340.0232897699597,GRAVEDIGGER2
1347041197285,514.935439091624,340.0232897699597,GRAVEDIGGER2
1347041197301,514.935439091624,340.0232897699597,GRAVEDIGGER2
1347041197317,514.935439091624,340.0232897699597,GRAVEDIGGER2
1347041197333,514.935439091624,340.0232897699597,GRAVEDIGGER2
1347041197349,514.935439091624,340.0232897699597,GRAVEDIGGER2
1347041197365,514.935439091624,340.0232897699597,GRAVEDIGGER2
1347041197381,514.935439091624,340.0232897699597,GRAVEDIGGER2
1347041197397,514.935439091624,340.0232897699597,GRAVEDIGGER2
1347041197413,514.935439091624,340.0232897699597,GRAVEDIGGER2
1347041197429,514.935439091624,340.0232897699597,GRAVEDIGGER2
1347041197445,514.935439091624,340.0232897699597,GRAVEDIGGER2
1347041197461,514.935439091624,340.0232897699597,GRAVEDIGGER2
1347041197477,514.935439091624,340.0232897699597,GRAVEDIGGER2
1347041197493,514.935439091624,340.0232897699597,GRAVEDIGGER2
1347041197509,514.935439091624,340.0232897699597,GRAVEDIGGER2
1347041197525,514.935439091624,340.0232897699597,GRAVEDIGGER2
1347041197541,514.935439091624,340.0232897699597,GRAVEDIGGER2
1347041197557,514.935439091624,340.0232897699597,GRAVEDIGGER2
1347041197573,514.935439091624,340.0232897699597,GRAVEDIGGER2
1347041197589,514.935439091624,340.0232897699597,GRAVEDIGGER2
1347041197605,514.935439091624,340.0232897699597,GRAVEDIGGER2
1347041197621,514.935439091624,340.0232897699597,GRAVEDIGGER2
1347041197637,514.935439091624,340.0232897699597,GRAVEDIGGER2
1347041197653,514.935439091624,340.0232897699597,GRAVEDIGGER2
1347041197669,514.935439091624,340.0232897699597,GRAVEDIGGER2
1347041197685,514.935439091624,340.0232897699597,GRAVEDIGGER2
1347041197701,514.935439091624,340.0232897699597,GRAVEDIGGER2
1347041197717,514.935439091624,340.0232897699597,GRAVEDIGGER2
1347041197733,514.935439091624,340.0232897699597,GRAVEDIGGER2
1347041197749,514.935439091624,340.0232897699597,GRAVEDIGGER2
1347041197765,514.935439091624,340.0232897699597,GRAVEDIGGER2
1347041197781,514.935439091624,340.0232897699597,GRAVEDIGGER2
1347041197797,514.935439091624,340.0232897699597,GRAVEDIGGER2
1347041197813,514.935439091624,340.0232897699597,GRAVEDIGGER2
1347041197829,514.935439091624,340.0232897699597,GRAVEDIGGER2
1347041197845,514.935439091624,340.0232897699597,GRAVEDIGGER2
1347041197861,514.935439091624,340.0232897699597,GRAVEDIGGER2
1347041197877,514.935439091624,340.0232897699597,GRAVEDIGGER2
1347041197893,514.935439091624,340.0232897699597,GRAVEDIGGER2
1347041197909,514.935439091624,340.0232897699597,GRAVEDIGGER2
1347041197925,514.935439091624,340.0232897699597,GRAVEDIGGER2
1347041197941,514.935439091624,340.0232897699597,GRAVEDIGGER2
1347041197957,514.935439091624,340.0232897699597,GRAVEDIGGER2
1347041197973,514.935439091624,340.0232897699597,GRAVEDIGGER2
1347041197989,514.935439091624,340.0232897699597,GRAVEDIGGER2
1347041198005,514.935439091624,340.0232897699597,GRAVEDIGGER2
1347041198021,514.935439091624,340.0232897699597,GRAVEDIGGER2
1347041198037,514.935439091624,340.0232897699597,GRAVEDIGGER2
1347041198053,514.935439091624,340.0232897699597,GRAVEDIGGER2
1347041198069,514.935439091624,340.0232897699597,GRAVEDIGGER2
1347041198085,514.935439091624,340.0232897699597,GRAVEDIGGER2
1347041198101,514.935439091624,340.0232897699597,GRAVEDIGGER2
1347041198117,514.935439091624,340.0232897699597,GRAVEDIGGER2
1347041198133,514.935439091624,340.0232897699597,GRAVEDIGGER2
1347041198149,514.935439091624,340.0232897699597,GRAVEDIGGER2
1347041198165,514.935439091624,340.0232897699597,GRAVEDIGGER2
1347041198181,514.935439091624,340.0232897699597,GRAVEDIGGER2
1347041198197,514.935439091624,340.0232897699597,GRAVEDIGGER2
1347041198213,514.935439091624,340.0232897699597,GRAVEDIGGER2
1347041198229,514.935439091624,340.0232897699597,GRAVEDIGGER2
1347041198245,514.935439091624,340.0232897699597,GRAVEDIGGER2
1347041198261,514.935439091624,340.0232897699597,GRAVEDIGGER2
1347041198277,514.935439091624,340.0232897699597,GRAVEDIGGER2
1347041198293,514.935439091624,340.0232897699597,GRAVEDIGGER2
1347041198309,514.935439091624,340.0232897699597,GRAVEDIGGER2
1347041198325,514.935439091624,340.0232897699597,GRAVEDIGGER2
1347041198341,514.935439091624,340.0232897699597,GRAVEDIGGER2
1347041198357,514.935439091624,340.0232897699597,GRAVEDIGGER2
1347041198373,514.935439091624,340.0232897699597,GRAVEDIGGER2
1347041198389,514.935439091624,340.0232897699597,GRAVEDIGGER2
1347041198405,514.935439091624,340.0232897699597,GRAVEDIGGER2
1347041198421,514.935439091624,340.0232897699597,GRAVEDIGGER2
1347041198437,514.935439091624,340.0232897699597,GRAVEDIGGER2
1347041198453,514.935439091624,340.0232897699597,GRAVEDIGGER2
1347041198469,514.935439091624,340.0232897699597,GRAVEDIGGER2
1347041198485,514.935439091624,340.0232897699597,GRAVEDIGGER2
1347041198501,514.935439091624,340.0232897699597,GRAVEDIGGER2
1347041198517,514.935439091624,340.0232897699597,GRAVEDIGGER2
1347041198533,514.935439091624,340.0232897699597,GRAVEDIGGER2
1347041198549,514.935439091624,340.0232897699597,GRAVEDIGGER2
1347041198565,514.935439091624,340.0232897699597,GRAVEDIGGER2
1347041198581,514.935439091624,340.0232897699597,GRAVEDIGGER2
1347041198597,514.935439091624,340.0232897699597,GRAVEDIGGER2
1347041198613,514.935439091624,340.0232897699597,GRAVEDIGGER2
1347041198629,514.935439091624,340.0232897699597,GRAVEDIGGER2
1347041198645,514.935439091624,340.0232897699597,GRAVEDIGGER2
1347041198661,514.935439091624,340.0232897699597,GRAVEDIGGER2
1347041198677,514.935439091624,340.0232897699597,GRAVEDIGGER2
1347041198693,514.935439091624,340.0232897699597,GRAVEDIGGER2
1347041198709,514.935439091624,340.0232897699597,GRAVEDIGGER2
1347041198725,514.935439091624,340.0232897699597,GRAVEDIGGER2
1347041198741,514.935439091624,340.0232897699597,GRAVEDIGGER2
1347041198757,514.935439091624,340.0232897699597,GRAVEDIGGER2
1347041198773,514.935439091624,340.0232897699597,GRAVEDIGGER2
1347041198789,514.935439091624,340.0232897699597,GRAVEDIGGER2
1347041198805,514.935439091624,340.0232897699597,GRAVEDIGGER2
1347041198821,514.935439091624,340.0232897699597,GRAVEDIGGER2
1347041198837,514.935439091624,340.0232897699597,GRAVEDIGGER2
1347041198853,514.935439091624,340.0232897699597,GRAVEDIGGER2
1347041198869,514.935439091624,340.0232897699597,GRAVEDIGGER2
1347041198885,514.935439091624,340.0232897699597,GRAVEDIGGER2
1347041198901,514.935439091624,340.0232897699597,GRAVEDIGGER2
1347041198917,514.935439091624,340.0232897699597,GRAVEDIGGER2
1347041198933,514.935439091624,340.0232897699597,GRAVEDIGGER2
1347041198949,514.935439091624,340.0232897699597,GRAVEDIGGER2
1347041198965,514.935439091624,340.0232897699597,GRAVEDIGGER2
1347041198981,514.935439091624,340.0232897699597,GRAVEDIGGER2
1347041198997,514.935439091624,340.0232897699597,GRAVEDIGGER2
1347041199013,514.935439091624,340.0232897699597,GRAVEDIGGER2
1347041199029,514.935439091624,340.0232897699597,GRAVEDIGGER2
1347041199045,514.935439091624,340.0232897699597,GRAVEDIGGER2
1347041199061,514.935439091624,340.0232897699597,GRAVEDIGGER2
1347041199077,514.935439091624,340.0232897699597,GRAVEDIGGER2
1347041199093,514.935439091624,340.0232897699597,GRAVEDIGGER2
1347041199109,514.935439091624,340.0232897699597,GRAVEDIGGER2
1347041199125,514.935439091624,340.0232897699597,GRAVEDIGGER2
1347041199141,514.935439091624,340.0232897699597,GRAVEDIGGER2
1347041199157,514.935439091624,340.0232897699597,GRAVEDIGGER2
1347041199173,514.935439091624,340.0232897699597,GRAVEDIGGER2
1347041199189,514.935439091624,340.0232897699597,GRAVEDIGGER2
1347041199205,514.935439091624,340.0232897699597,GRAVEDIGGER2
1347041199221,514.935439091624,340.0232897699597,GRAVEDIGGER2
1347041199237,514.935439091624,340.0232897699597,GRAVEDIGGER2
1347041199253,514.935439091624,340.0232897699597,GRAVEDIGGER2
1347041199269,514.935439091624,340.0232897699597,GRAVEDIGGER2
1347041199285,514.935439091624,340.0232897699597,GRAVEDIGGER2
1347041199301,514.935439091624,340.0232897699597,GRAVEDIGGER2
1347041199317,514.935439091624,340.0232897699597,GRAVEDIGGER2
1347041199333,514.935439091624,340.0232897699597,GRAVEDIGGER2
1347041199349,514.935439091624,340.0232897699597,GRAVEDIGGER2
1347041199365,514.935439091624,340.0232897699597,GRAVEDIGGER2
1347041199381,514.935439091624,340.0232897699597,GRAVEDIGGER2
1347041199397,514.935439091624,340.0232897699597,GRAVEDIGGER2
1347041199413,514.935439091624,340.0232897699597,GRAVEDIGGER2
1347041199429,514.935439091624,340.0232897699597,GRAVEDIGGER2
1347041199445,514.935439091624,340.0232897699597,GRAVEDIGGER2
1347041199461,514.935439091624,340.0232897699597,GRAVEDIGGER2
1347041199477,514.935439091624,340.0232897699597,GRAVEDIGGER2
1347041199493,514.935439091624,340.0232897699597,GRAVEDIGGER2
1347041199509,514.935439091624,340.0232897699597,GRAVEDIGGER2
1347041199525,514.935439091624,340.0232897699597,GRAVEDIGGER2
1347041199541,514.935439091624,340.0232897699597,GRAVEDIGGER2
1347041199557,514.935439091624,340.0232897699597,GRAVEDIGGER2
1347041199573,514.935439091624,340.0232897699597,GRAVEDIGGER2
1347041199589,514.935439091624,340.0232897699597,GRAVEDIGGER2
1347041199605,514.935439091624,340.0232897699597,GRAVEDIGGER2
1347041199621,514.935439091624,340.0232897699597,GRAVEDIGGER2
1347041199637,514.935439091624,340.0232897699597,GRAVEDIGGER2
1347041199653,514.935439091624,340.0232897699597,GRAVEDIGGER2
1347041199669,514.935439091624,340.0232897699597,GRAVEDIGGER2
1347041199685,514.935439091624,340.0232897699597,GRAVEDIGGER2
1347041199701,514.935439091624,340.0232897699597,GRAVEDIGGER2
1347041199717,514.935439091624,340.0232897699597,GRAVEDIGGER2
1347041199733,514.935439091624,340.0232897699597,GRAVEDIGGER2
1347041199749,514.935439091624,340.0232897699597,GRAVEDIGGER2
1347041199765,514.935439091624,340.0232897699597,GRAVEDIGGER2
1347041199781,514.935439091624,340.0232897699597,GRAVEDIGGER2
1347041199797,514.935439091624,340.0232897699597,GRAVEDIGGER2
1347041199813,514.935439091624,340.0232897699597,GRAVEDIGGER2
1347041199829,514.935439091624,340.0232897699597,GRAVEDIGGER2
1347041199845,514.935439091624,340.0232897699597,GRAVEDIGGER2
1347041199861,514.935439091624,340.0232897699597,GRAVEDIGGER2
1347041199877,514.935439091624,340.0232897699597,GRAVEDIGGER2
1347041199893,514.935439091624,340.0232897699597,GRAVEDIGGER2
1347041199909,514.935439091624,340.0232897699597,GRAVEDIGGER2
1347041199925,514.935439091624,340.0232897699597,GRAVEDIGGER2
1347041199941,514.935439091624,340.0232897699597,GRAVEDIGGER2
1347041199957,514.935439091624,340.0232897699597,GRAVEDIGGER2
1347041199973,514.935439091624,340.0232897699597,GRAVEDIGGER2
1347041199989,514.935439091624,340.0232897699597,GRAVEDIGGER2
1347041200005,514.935439091624,340.0232897699597,GRAVEDIGGER2
1347041200021,514.935439091624,340.0232897699597,GRAVEDIGGER2
1347041200037,514.935439091624,340.0232897699597,GRAVEDIGGER2
1347041200053,514.935439091624,340.0232897699597,GRAVEDIGGER2
1347041200069,514.935439091624,340.0232897699597,GRAVEDIGGER2
1347041200085,514.935439091624,340.0232897699597,GRAVEDIGGER2
1347041200101,514.935439091624,340.0232897699597,GRAVEDIGGER2
1347041200117,514.935439091624,340.0232897699597,GRAVEDIGGER2
1347041200133,514.935439091624,340.0232897699597,GRAVEDIGGER2
1347041200149,514.935439091624,340.0232897699597,GRAVEDIGGER2
1347041200165,514.935439091624,340.0232897699597,GRAVEDIGGER2
1347041200181,514.935439091624,340.0232897699597,GRAVEDIGGER2
1347041200197,514.935439091624,340.0232897699597,GRAVEDIGGER2
1347041200213,514.935439091624,340.0232897699597,GRAVEDIGGER2
1347041200229,514.935439091624,340.0232897699597,GRAVEDIGGER2
1347041200245,514.935439091624,340.0232897699597,GRAVEDIGGER2
1347041200261,514.935439091624,340.0232897699597,GRAVEDIGGER2
1347041200277,514.935439091624,340.0232897699597,GRAVEDIGGER2
1347041200293,514.935439091624,340.0232897699597,GRAVEDIGGER2
1347041200309,514.935439091624,340.0232897699597,GRAVEDIGGER2
1347041200325,514.935439091624,340.0232897699597,GRAVEDIGGER2
1347041200341,514.935439091624,340.0232897699597,GRAVEDIGGER2
1347041200357,514.935439091624,340.0232897699597,GRAVEDIGGER2
1347041200373,514.935439091624,340.0232897699597,GRAVEDIGGER2
1347041200389,514.935439091624,340.0232897699597,GRAVEDIGGER2
1347041200405,514.935439091624,340.0232897699597,GRAVEDIGGER2
1347041200421,514.935439091624,340.0232897699597,GRAVEDIGGER2
1347041200437,514.935439091624,340.0232897699597,GRAVEDIGGER2
1347041200453,514.935439091624,340.0232897699597,GRAVEDIGGER2
1347041200469,514.935439091624,340.0232897699597,GRAVEDIGGER2
1347041200485,514.935439091624,340.0232897699597,GRAVEDIGGER2
1347041200501,514.935439091624,340.0232897699597,GRAVEDIGGER2
1347041200517,514.935439091624,340.0232897699597,GRAVEDIGGER2
1347041200533,514.935439091624,340.0232897699597,GRAVEDIGGER2
1347041200549,514.935439091624,340.0232897699597,GRAVEDIGGER2
1347041200565,514.935439091624,340.0232897699597,GRAVEDIGGER2
1347041200581,514.935439091624,340.0232897699597,GRAVEDIGGER2
1347041200597,514.935439091624,340.0232897699597,GRAVEDIGGER2
1347041200613,514.935439091624,340.0232897699597,GRAVEDIGGER2
1347041200629,514.935439091624,340.0232897699597,GRAVEDIGGER2
1347041200645,514.935439091624,340.0232897699597,GRAVEDIGGER2
1347041200661,514.935439091624,340.0232897699597,GRAVEDIGGER2
1347041200677,514.935439091624,340.0232897699597,GRAVEDIGGER2
1347041200693,514.935439091624,340.0232897699597,GRAVEDIGGER2
1347041200709,514.935439091624,340.0232897699597,GRAVEDIGGER2
1347041200725,514.935439091624,340.0232897699597,GRAVEDIGGER2
1347041200741,514.935439091624,340.0232897699597,GRAVEDIGGER2
1347041200757,514.935439091624,340.0232897699597,GRAVEDIGGER2
1347041200773,514.935439091624,340.0232897699597,GRAVEDIGGER2
1347041200789,514.935439091624,340.0232897699597,GRAVEDIGGER2
1347041200805,514.935439091624,340.0232897699597,GRAVEDIGGER2
1347041200821,514.935439091624,340.0232897699597,GRAVEDIGGER2
1347041200837,514.935439091624,340.0232897699597,GRAVEDIGGER2
1347041200853,514.935439091624,340.0232897699597,GRAVEDIGGER2
1347041200869,514.935439091624,340.0232897699597,GRAVEDIGGER2
1347041200885,514.935439091624,340.0232897699597,GRAVEDIGGER2
1347041200901,514.935439091624,340.0232897699597,GRAVEDIGGER2
1347041200917,514.935439091624,340.0232897699597,GRAVEDIGGER2
1347041200933,514.935439091624,340.0232897699597,GRAVEDIGGER2
1347041200949,514.935439091624,340.0232897699597,GRAVEDIGGER2
1347041200965,514.935439091624,340.0232897699597,GRAVEDIGGER2
1347041200981,514.935439091624,340.0232897699597,GRAVEDIGGER2
1347041200997,514.935439091624,340.0232897699597,GRAVEDIGGER2
1347041201013,514.935439091624,340.0232897699597,GRAVEDIGGER2
1347041201029,514.935439091624,340.0232897699597,GRAVEDIGGER2
1347041201045,514.935439091624,340.0232897699597,GRAVEDIGGER2
1347041201061,514.935439091624,340.0232897699597,GRAVEDIGGER2
1347041201077,514.935439091624,340.0232897699597,GRAVEDIGGER2
1347041201093,514.935439091624,340.0232897699597,GRAVEDIGGER2
1347041201109,514.935439091624,340.0232897699597,GRAVEDIGGER2
1347041201125,514.935439091624,340.0232897699597,GRAVEDIGGER2
1347041201141,514.935439091624,340.0232897699597,GRAVEDIGGER2
1347041201157,514.935439091624,340.0232897699597,GRAVEDIGGER2
1347041201173,514.935439091624,340.0232897699597,GRAVEDIGGER2
1347041201189,514.935439091624,340.0232897699597,GRAVEDIGGER2
1347041201205,514.935439091624,340.0232897699597,GRAVEDIGGER2
1347041201221,514.935439091624,340.0232897699597,GRAVEDIGGER2
1347041201237,514.935439091624,340.0232897699597,GRAVEDIGGER2
1347041201253,514.935439091624,340.0232897699597,GRAVEDIGGER2
1347041201269,514.935439091624,340.0232897699597,GRAVEDIGGER2
1347041201285,514.935439091624,340.0232897699597,GRAVEDIGGER2
1347041201301,514.935439091624,340.0232897699597,GRAVEDIGGER2
1347041201317,514.935439091624,340.0232897699597,GRAVEDIGGER2
1347041201333,514.935439091624,340.0232897699597,GRAVEDIGGER2
1347041201349,514.935439091624,340.0232897699597,GRAVEDIGGER2
1347041201365,514.935439091624,340.0232897699597,GRAVEDIGGER2
1347041201381,514.935439091624,340.0232897699597,GRAVEDIGGER2
1347041201397,514.935439091624,340.0232897699597,GRAVEDIGGER2
1347041201413,514.935439091624,340.0232897699597,GRAVEDIGGER2
1347041201429,514.935439091624,340.0232897699597,GRAVEDIGGER2
1347041201445,514.935439091624,340.0232897699597,GRAVEDIGGER2
1347041201461,514.935439091624,340.0232897699597,GRAVEDIGGER2
1347041201477,514.935439091624,340.0232897699597,GRAVEDIGGER2
1347041201493,514.935439091624,340.0232897699597,GRAVEDIGGER2
1347041201509,514.935439091624,340.0232897699597,GRAVEDIGGER2
1347041201525,514.935439091624,340.0232897699597,GRAVEDIGGER2
1347041201541,514.935439091624,340.0232897699597,GRAVEDIGGER2
1347041201557,514.935439091624,340.0232897699597,GRAVEDIGGER2
1347041201573,514.935439091624,340.0232897699597,GRAVEDIGGER2
1347041201589,514.935439091624,340.0232897699597,GRAVEDIGGER2
1347041201605,514.935439091624,340.0232897699597,GRAVEDIGGER2
1347041201621,514.935439091624,340.0232897699597,GRAVEDIGGER2
1347041201637,514.935439091624,340.0232897699597,GRAVEDIGGER2
1347041201653,514.935439091624,340.0232897699597,GRAVEDIGGER2
1347041201669,514.935439091624,340.0232897699597,GRAVEDIGGER2
1347041201685,514.935439091624,340.0232897699597,GRAVEDIGGER2
1347041201701,514.935439091624,340.0232897699597,GRAVEDIGGER2
1347041201717,514.935439091624,340.0232897699597,GRAVEDIGGER2
1347041201733,514.935439091624,340.0232897699597,GRAVEDIGGER2
1347041201749,514.935439091624,340.0232897699597,GRAVEDIGGER2
1347041201765,514.935439091624,340.0232897699597,GRAVEDIGGER2
1347041201781,514.935439091624,340.0232897699597,GRAVEDIGGER2
1347041201797,514.935439091624,340.0232897699597,GRAVEDIGGER2
1347041201813,514.935439091624,340.0232897699597,GRAVEDIGGER2
1347041201829,514.935439091624,340.0232897699597,GRAVEDIGGER2
1347041201845,514.935439091624,340.0232897699597,GRAVEDIGGER2
1347041201861,514.935439091624,340.0232897699597,GRAVEDIGGER2
1347041201877,514.935439091624,340.0232897699597,GRAVEDIGGER2
1347041201893,514.935439091624,340.0232897699597,GRAVEDIGGER2
1347041201909,514.935439091624,340.0232897699597,GRAVEDIGGER2
1347041201925,514.935439091624,340.0232897699597,GRAVEDIGGER2
1347041201941,514.935439091624,340.0232897699597,GRAVEDIGGER2
1347041201957,514.935439091624,340.0232897699597,GRAVEDIGGER2
1347041201973,514.935439091624,340.0232897699597,GRAVEDIGGER2
1347041201989,514.935439091624,340.0232897699597,GRAVEDIGGER2
1347041202005,514.935439091624,340.0232897699597,GRAVEDIGGER2
1347041202021,514.935439091624,340.0232897699597,GRAVEDIGGER2
1347041202037,514.935439091624,340.0232897699597,GRAVEDIGGER2
1347041202053,514.935439091624,340.0232897699597,GRAVEDIGGER2
1347041202069,514.935439091624,340.0232897699597,GRAVEDIGGER2
1347041202085,514.935439091624,340.0232897699597,GRAVEDIGGER2
1347041202101,514.935439091624,340.0232897699597,GRAVEDIGGER2
1347041202117,514.935439091624,340.0232897699597,GRAVEDIGGER2
1347041202133,514.935439091624,340.0232897699597,GRAVEDIGGER2
1347041202149,514.935439091624,340.0232897699597,GRAVEDIGGER2
1347041202165,514.935439091624,340.0232897699597,GRAVEDIGGER2
1347041202181,514.935439091624,340.0232897699597,GRAVEDIGGER2
1347041202197,514.935439091624,340.0232897699597,GRAVEDIGGER2
1347041202213,514.935439091624,340.0232897699597,GRAVEDIGGER2
1347041202229,514.935439091624,340.0232897699597,GRAVEDIGGER2
1347041202245,514.935439091624,340.0232897699597,GRAVEDIGGER2
1347041202261,514.935439091624,340.0232897699597,GRAVEDIGGER2
1347041202277,514.935439091624,340.0232897699597,GRAVEDIGGER2
1347041202293,514.935439091624,340.0232897699597,GRAVEDIGGER2
1347041202309,514.935439091624,340.0232897699597,GRAVEDIGGER2
1347041202325,514.935439091624,340.0232897699597,GRAVEDIGGER2
1347041202341,514.935439091624,340.0232897699597,GRAVEDIGGER2
1347041202357,514.935439091624,340.0232897699597,GRAVEDIGGER2
1347041202373,514.935439091624,340.0232897699597,GRAVEDIGGER2
1347041202389,514.935439091624,340.0232897699597,GRAVEDIGGER2
1347041202405,514.935439091624,340.0232897699597,GRAVEDIGGER2
1347041202421,514.935439091624,340.0232897699597,GRAVEDIGGER2
1347041202437,514.935439091624,340.0232897699597,GRAVEDIGGER2
1347041202453,514.935439091624,340.0232897699597,GRAVEDIGGER2
1347041202469,514.935439091624,340.0232897699597,GRAVEDIGGER2
1347041202485,514.935439091624,340.0232897699597,GRAVEDIGGER2
1347041202501,514.935439091624,340.0232897699597,GRAVEDIGGER2
1347041202517,514.935439091624,340.0232897699597,GRAVEDIGGER2
1347041202533,514.935439091624,340.0232897699597,GRAVEDIGGER2
1347041202549,514.935439091624,340.0232897699597,GRAVEDIGGER2
1347041202565,514.935439091624,340.0232897699597,GRAVEDIGGER2
1347041202581,514.935439091624,340.0232897699597,GRAVEDIGGER2
1347041202597,514.935439091624,340.0232897699597,GRAVEDIGGER2
1347041202613,514.935439091624,340.0232897699597,GRAVEDIGGER2
1347041202629,514.935439091624,340.0232897699597,GRAVEDIGGER2
1347041202645,514.935439091624,340.0232897699597,GRAVEDIGGER2
1347041202661,514.935439091624,340.0232897699597,GRAVEDIGGER2
1347041202677,514.935439091624,340.0232897699597,GRAVEDIGGER2
1347041202693,514.935439091624,340.0232897699597,GRAVEDIGGER2
1347041202709,514.935439091624,340.0232897699597,GRAVEDIGGER2
1347041202725,514.935439091624,340.0232897699597,GRAVEDIGGER2
1347041202741,514.935439091624,340.0232897699597,GRAVEDIGGER2
1347041202757,514.935439091624,340.0232897699597,GRAVEDIGGER2
1347041202773,514.935439091624,340.0232897699597,GRAVEDIGGER2
1347041202789,514.935439091624,340.0232897699597,GRAVEDIGGER2
1347041202805,514.935439091624,340.0232897699597,GRAVEDIGGER2
1347041202821,514.935439091624,340.0232897699597,GRAVEDIGGER2
1347041202837,514.935439091624,340.0232897699597,GRAVEDIGGER2
1347041202853,514.935439091624,340.0232897699597,GRAVEDIGGER2
1347041202869,514.935439091624,340.0232897699597,GRAVEDIGGER2
1347041202885,514.935439091624,340.0232897699597,GRAVEDIGGER2
1347041202901,514.935439091624,340.0232897699597,GRAVEDIGGER2
1347041202917,514.935439091624,340.0232897699597,GRAVEDIGGER2
1347041202933,514.935439091624,340.0232897699597,GRAVEDIGGER2
1347041202949,514.935439091624,340.0232897699597,GRAVEDIGGER2
1347041202965,514.935439091624,340.0232897699597,GRAVEDIGGER2
1347041202981,514.935439091624,340.0232897699597,GRAVEDIGGER2
1347041202997,514.935439091624,340.0232897699597,GRAVEDIGGER2
1347041203013,514.935439091624,340.0232897699597,GRAVEDIGGER2
1347041203029,514.935439091624,340.0232897699597,GRAVEDIGGER2
1347041203045,514.935439091624,340.0232897699597,GRAVEDIGGER2
1347041203061,514.935439091624,340.0232897699597,GRAVEDIGGER2
1347041203077,514.935439091624,340.0232897699597,GRAVEDIGGER2
1347041203093,514.935439091624,340.0232897699597,GRAVEDIGGER2
1347041203109,514.935439091624,340.0232897699597,GRAVEDIGGER2
1347041203125,514.935439091624,340.0232897699597,GRAVEDIGGER2
1347041203141,514.935439091624,340.0232897699597,GRAVEDIGGER2
1347041203157,514.935439091624,340.0232897699597,GRAVEDIGGER2
1347041203173,514.935439091624,340.0232897699597,GRAVEDIGGER2
1347041203189,514.935439091624,340.0232897699597,GRAVEDIGGER2
1347041203205,514.935439091624,340.0232897699597,GRAVEDIGGER2
1347041203221,514.935439091624,340.0232897699597,GRAVEDIGGER2
1347041203237,514.935439091624,340.0232897699597,GRAVEDIGGER2
1347041203253,514.935439091624,340.0232897699597,GRAVEDIGGER2
1347041203269,514.935439091624,340.0232897699597,GRAVEDIGGER2
1347041203285,514.935439091624,340.0232897699597,GRAVEDIGGER2
1347041203301,514.935439091624,340.0232897699597,GRAVEDIGGER2
1347041203317,514.935439091624,340.0232897699597,GRAVEDIGGER2
1347041203333,514.935439091624,340.0232897699597,GRAVEDIGGER2
1347041203349,514.935439091624,340.0232897699597,GRAVEDIGGER2
1347041203365,514.935439091624,340.0232897699597,GRAVEDIGGER2
1347041203381,514.935439091624,340.0232897699597,GRAVEDIGGER2
1347041203397,514.935439091624,340.0232897699597,GRAVEDIGGER2
1347041203413,514.935439091624,340.0232897699597,GRAVEDIGGER2
1347041203429,514.935439091624,340.0232897699597,GRAVEDIGGER2
1347041203445,514.935439091624,340.0232897699597,GRAVEDIGGER2
1347041203461,514.935439091624,340.0232897699597,GRAVEDIGGER2
1347041203477,514.935439091624,340.0232897699597,GRAVEDIGGER2
1347041203493,514.935439091624,340.0232897699597,GRAVEDIGGER2
1347041203509,514.935439091624,340.0232897699597,GRAVEDIGGER2
1347041203525,514.935439091624,340.0232897699597,GRAVEDIGGER2
1347041203541,514.935439091624,340.0232897699597,GRAVEDIGGER2
1347041203557,514.935439091624,340.0232897699597,GRAVEDIGGER2
1347041203573,514.935439091624,340.0232897699597,GRAVEDIGGER2
1347041203589,514.935439091624,340.0232897699597,GRAVEDIGGER2
1347041203605,514.935439091624,340.0232897699597,GRAVEDIGGER2
1347041203621,514.935439091624,340.0232897699597,GRAVEDIGGER2
1347041203637,514.935439091624,340.0232897699597,GRAVEDIGGER2
1347041203653,514.935439091624,340.0232897699597,GRAVEDIGGER2
1347041203669,514.935439091624,340.0232897699597,GRAVEDIGGER2
1347041203685,514.935439091624,340.0232897699597,GRAVEDIGGER2
1347041203701,514.935439091624,340.0232897699597,GRAVEDIGGER2
1347041203717,514.935439091624,340.0232897699597,GRAVEDIGGER2
1347041203733,514.935439091624,340.0232897699597,GRAVEDIGGER2
1347041203749,514.935439091624,340.0232897699597,GRAVEDIGGER2
1347041203765,514.935439091624,340.0232897699597,GRAVEDIGGER2
1347041203781,514.935439091624,340.0232897699597,GRAVEDIGGER2
1347041203797,514.935439091624,340.0232897699597,GRAVEDIGGER2
1347041203813,514.935439091624,340.0232897699597,GRAVEDIGGER2
1347041203829,514.935439091624,340.0232897699597,GRAVEDIGGER2
1347041203845,514.935439091624,340.0232897699597,GRAVEDIGGER2
1347041203861,514.935439091624,340.0232897699597,GRAVEDIGGER2
1347041203877,514.935439091624,340.0232897699597,GRAVEDIGGER2
1347041203893,514.935439091624,340.0232897699597,GRAVEDIGGER2
1347041203909,514.935439091624,340.0232897699597,GRAVEDIGGER2
1347041203925,514.935439091624,340.0232897699597,GRAVEDIGGER2
1347041203941,514.935439091624,340.0232897699597,GRAVEDIGGER2
1347041203957,514.935439091624,340.0232897699597,GRAVEDIGGER2
1347041203973,514.935439091624,340.0232897699597,GRAVEDIGGER2
1347041203989,514.935439091624,340.0232897699597,GRAVEDIGGER2
1347041204005,514.935439091624,340.0232897699597,GRAVEDIGGER2
1347041204021,514.935439091624,340.0232897699597,GRAVEDIGGER2
1347041204037,514.935439091624,340.0232897699597,GRAVEDIGGER2
1347041204053,514.935439091624,340.0232897699597,GRAVEDIGGER2
1347041204069,514.935439091624,340.0232897699597,GRAVEDIGGER2
1347041204085,514.935439091624,340.0232897699597,GRAVEDIGGER2
1347041204101,514.935439091624,340.0232897699597,GRAVEDIGGER2
1347041204117,514.935439091624,340.0232897699597,GRAVEDIGGER2
1347041204133,514.935439091624,340.0232897699597,GRAVEDIGGER2
1347041204149,514.935439091624,340.0232897699597,GRAVEDIGGER2
1347041204165,514.935439091624,340.0232897699597,GRAVEDIGGER2
1347041204181,514.935439091624,340.0232897699597,GRAVEDIGGER2
1347041204197,514.935439091624,340.0232897699597,GRAVEDIGGER2
1347041204213,514.935439091624,340.0232897699597,GRAVEDIGGER2
1347041204229,514.935439091624,340.0232897699597,GRAVEDIGGER2
1347041204245,514.935439091624,340.0232897699597,GRAVEDIGGER2
1347041204261,514.935439091624,340.0232897699597,GRAVEDIGGER2
1347041204277,514.935439091624,340.0232897699597,GRAVEDIGGER2
1347041204293,514.935439091624,340.0232897699597,GRAVEDIGGER2
1347041204309,514.935439091624,340.0232897699597,GRAVEDIGGER2
1347041204325,514.935439091624,340.0232897699597,GRAVEDIGGER2
1347041204341,514.935439091624,340.0232897699597,GRAVEDIGGER2
1347041204357,514.935439091624,340.0232897699597,GRAVEDIGGER2
1347041204373,514.935439091624,340.0232897699597,GRAVEDIGGER2
1347041204389,514.935439091624,340.0232897699597,GRAVEDIGGER2
1347041204405,514.935439091624,340.0232897699597,GRAVEDIGGER2
1347041204421,514.935439091624,340.0232897699597,GRAVEDIGGER2
1347041204437,514.935439091624,340.0232897699597,GRAVEDIGGER2
1347041204453,514.935439091624,340.0232897699597,GRAVEDIGGER2
1347041204469,514.935439091624,340.0232897699597,GRAVEDIGGER2
1347041204485,514.935439091624,340.0232897699597,GRAVEDIGGER2
1347041204501,514.935439091624,340.0232897699597,GRAVEDIGGER2
1347041204517,514.935439091624,340.0232897699597,GRAVEDIGGER2
1347041204533,514.935439091624,340.0232897699597,GRAVEDIGGER2
1347041204549,514.935439091624,340.0232897699597,GRAVEDIGGER2
1347041204565,514.935439091624,340.0232897699597,GRAVEDIGGER2
1347041204581,514.935439091624,340.0232897699597,GRAVEDIGGER2
1347041204597,514.935439091624,340.0232897699597,GRAVEDIGGER2
1347041204613,514.935439091624,340.0232897699597,GRAVEDIGGER2
1347041204629,514.935439091624,340.0232897699597,GRAVEDIGGER2
1347041204645,514.935439091624,340.0232897699597,GRAVEDIGGER2
1347041204661,514.935439091624,340.0232897699597,GRAVEDIGGER2
1347041204677,514.935439091624,340.0232897699597,GRAVEDIGGER2
1347041204693,514.935439091624,340.0232897699597,GRAVEDIGGER2
1347041204709,514.935439091624,340.0232897699597,GRAVEDIGGER2
1347041204725,514.935439091624,340.0232897699597,GRAVEDIGGER2
1347041204741,514.935439091624,340.0232897699597,GRAVEDIGGER2
1347041204757,514.935439091624,340.0232897699597,GRAVEDIGGER2
1347041204773,514.935439091624,340.0232897699597,GRAVEDIGGER2
1347041204789,514.935439091624,340.0232897699597,GRAVEDIGGER2
1347041204805,514.935439091624,340.0232897699597,GRAVEDIGGER2
1347041204821,514.935439091624,340.0232897699597,GRAVEDIGGER2
1347041204837,514.935439091624,340.0232897699597,GRAVEDIGGER2
1347041204853,514.935439091624,340.0232897699597,GRAVEDIGGER2
1347041204869,514.935439091624,340.0232897699597,GRAVEDIGGER2
1347041204885,514.935439091624,340.0232897699597,GRAVEDIGGER2
1347041204901,514.935439091624,340.0232897699597,GRAVEDIGGER2
1347041204917,514.935439091624,340.0232897699597,GRAVEDIGGER2
1347041204933,514.935439091624,340.0232897699597,GRAVEDIGGER2
1347041204949,514.935439091624,340.0232897699597,GRAVEDIGGER2
1347041204965,514.935439091624,340.0232897699597,GRAVEDIGGER2
1347041204981,514.935439091624,340.0232897699597,GRAVEDIGGER2
1347041204997,514.935439091624,340.0232897699597,GRAVEDIGGER2
1347041205013,514.935439091624,340.0232897699597,GRAVEDIGGER2
1347041205029,514.935439091624,340.0232897699597,GRAVEDIGGER2
1347041205045,514.935439091624,340.0232897699597,GRAVEDIGGER2
1347041205061,514.935439091624,340.0232897699597,GRAVEDIGGER2
1347041205077,514.935439091624,340.0232897699597,GRAVEDIGGER2
1347041205093,514.935439091624,340.0232897699597,GRAVEDIGGER2
1347041205109,514.935439091624,340.0232897699597,GRAVEDIGGER2
1347041205125,514.935439091624,340.0232897699597,GRAVEDIGGER2
1347041205141,514.935439091624,340.0232897699597,GRAVEDIGGER2
1347041205157,514.935439091624,340.0232897699597,GRAVEDIGGER2
1347041205173,514.935439091624,340.0232897699597,GRAVEDIGGER2
1347041205189,514.935439091624,340.0232897699597,GRAVEDIGGER2
1347041205205,514.935439091624,340.0232897699597,GRAVEDIGGER2
1347041205221,514.935439091624,340.0232897699597,GRAVEDIGGER2
1347041205237,514.935439091624,340.0232897699597,GRAVEDIGGER2
1347041205253,514.935439091624,340.0232897699597,GRAVEDIGGER2
1347041205269,514.935439091624,340.0232897699597,GRAVEDIGGER2
1347041205285,514.935439091624,340.0232897699597,GRAVEDIGGER2
1347041205301,514.935439091624,340.0232897699597,GRAVEDIGGER2
1347041205317,514.935439091624,340.0232897699597,GRAVEDIGGER2
1347041205333,514.935439091624,340.0232897699597,GRAVEDIGGER2
1347041205349,514.935439091624,340.0232897699597,GRAVEDIGGER2
1347041205365,514.935439091624,340.0232897699597,GRAVEDIGGER2
1347041205381,514.935439091624,340.0232897699597,GRAVEDIGGER2
1347041205397,514.935439091624,340.0232897699597,GRAVEDIGGER2
1347041205413,514.935439091624,340.0232897699597,GRAVEDIGGER2
1347041205429,514.935439091624,340.0232897699597,GRAVEDIGGER2
1347041205445,514.935439091624,340.0232897699597,GRAVEDIGGER2
1347041205461,514.935439091624,340.0232897699597,GRAVEDIGGER2
1347041205477,514.935439091624,340.0232897699597,GRAVEDIGGER2
1347041205493,514.935439091624,340.0232897699597,GRAVEDIGGER2
1347041205509,514.935439091624,340.0232897699597,GRAVEDIGGER2
1347041205525,514.935439091624,340.0232897699597,GRAVEDIGGER2
1347041205541,514.935439091624,340.0232897699597,GRAVEDIGGER2
1347041205557,514.935439091624,340.0232897699597,GRAVEDIGGER2
1347041205573,514.935439091624,340.0232897699597,GRAVEDIGGER2
1347041205589,514.935439091624,340.0232897699597,GRAVEDIGGER2
1347041205605,514.935439091624,340.0232897699597,GRAVEDIGGER2
1347041205621,514.935439091624,340.0232897699597,GRAVEDIGGER2
1347041205637,514.935439091624,340.0232897699597,GRAVEDIGGER2
1347041205653,514.935439091624,340.0232897699597,GRAVEDIGGER2
1347041205669,514.935439091624,340.0232897699597,GRAVEDIGGER2
1347041205685,514.935439091624,340.0232897699597,GRAVEDIGGER2
1347041205701,514.935439091624,340.0232897699597,GRAVEDIGGER2
1347041205717,514.935439091624,340.0232897699597,GRAVEDIGGER2
1347041205733,514.935439091624,340.0232897699597,GRAVEDIGGER2
1347041205749,514.935439091624,340.0232897699597,GRAVEDIGGER2
1347041205765,514.935439091624,340.0232897699597,GRAVEDIGGER2
1347041205781,514.935439091624,340.0232897699597,GRAVEDIGGER2
1347041205797,514.935439091624,340.0232897699597,GRAVEDIGGER2
1347041205813,514.935439091624,340.0232897699597,GRAVEDIGGER2
1347041205829,514.935439091624,340.0232897699597,GRAVEDIGGER2
1347041205845,514.935439091624,340.0232897699597,GRAVEDIGGER2
1347041205861,514.935439091624,340.0232897699597,GRAVEDIGGER2
1347041205877,514.935439091624,340.0232897699597,GRAVEDIGGER2
1347041205893,514.935439091624,340.0232897699597,GRAVEDIGGER2
1347041205909,514.935439091624,340.0232897699597,GRAVEDIGGER2
1347041205925,514.935439091624,340.0232897699597,GRAVEDIGGER2
1347041205941,514.935439091624,340.0232897699597,GRAVEDIGGER2
1347041205957,514.935439091624,340.0232897699597,GRAVEDIGGER2
1347041205973,514.935439091624,340.0232897699597,GRAVEDIGGER2
1347041205989,514.935439091624,340.0232897699597,GRAVEDIGGER2
1347041206005,514.935439091624,340.0232897699597,GRAVEDIGGER2
1347041206021,514.935439091624,340.0232897699597,GRAVEDIGGER2
1347041206037,514.935439091624,340.0232897699597,GRAVEDIGGER2
1347041206053,514.935439091624,340.0232897699597,GRAVEDIGGER2
1347041206069,514.935439091624,340.0232897699597,GRAVEDIGGER2
1347041206085,514.935439091624,340.0232897699597,GRAVEDIGGER2
1347041206101,514.935439091624,340.0232897699597,GRAVEDIGGER2
1347041206117,514.935439091624,340.0232897699597,GRAVEDIGGER2
1347041206133,514.935439091624,340.0232897699597,GRAVEDIGGER2
1347041206149,514.935439091624,340.0232897699597,GRAVEDIGGER2
1347041206165,514.935439091624,340.0232897699597,GRAVEDIGGER2
1347041206181,514.935439091624,340.0232897699597,GRAVEDIGGER2
1347041206197,514.935439091624,340.0232897699597,GRAVEDIGGER2
1347041206213,514.935439091624,340.0232897699597,GRAVEDIGGER2
1347041206229,514.935439091624,340.0232897699597,GRAVEDIGGER2
1347041206245,514.935439091624,340.0232897699597,GRAVEDIGGER2
1347041206261,514.935439091624,340.0232897699597,GRAVEDIGGER2
1347041206277,514.935439091624,340.0232897699597,GRAVEDIGGER2
1347041206293,514.935439091624,340.0232897699597,GRAVEDIGGER2
1347041206309,514.935439091624,340.0232897699597,GRAVEDIGGER2
1347041206325,514.935439091624,340.0232897699597,GRAVEDIGGER2
1347041206341,514.935439091624,340.0232897699597,GRAVEDIGGER2
1347041206357,514.935439091624,340.0232897699597,GRAVEDIGGER2
1347041206373,514.935439091624,340.0232897699597,GRAVEDIGGER2
1347041206389,514.935439091624,340.0232897699597,GRAVEDIGGER2
1347041206405,514.935439091624,340.0232897699597,GRAVEDIGGER2
1347041206421,514.935439091624,340.0232897699597,GRAVEDIGGER2
1347041206437,514.935439091624,340.0232897699597,GRAVEDIGGER2
1347041206453,514.935439091624,340.0232897699597,GRAVEDIGGER2
1347041206469,514.935439091624,340.0232897699597,GRAVEDIGGER2
1347041206485,514.935439091624,340.0232897699597,GRAVEDIGGER2
1347041206501,514.935439091624,340.0232897699597,GRAVEDIGGER2
1347041206517,514.935439091624,340.0232897699597,GRAVEDIGGER2
1347041206533,514.935439091624,340.0232897699597,GRAVEDIGGER2
1347041206549,514.935439091624,340.0232897699597,GRAVEDIGGER2
1347041206565,514.935439091624,340.0232897699597,GRAVEDIGGER2
1347041206581,514.935439091624,340.0232897699597,GRAVEDIGGER2
1347041206597,514.935439091624,340.0232897699597,GRAVEDIGGER2
1347041206613,514.935439091624,340.0232897699597,GRAVEDIGGER2
1347041206629,514.935439091624,340.0232897699597,GRAVEDIGGER2
1347041206645,514.935439091624,340.0232897699597,GRAVEDIGGER2
1347041206661,514.935439091624,340.0232897699597,GRAVEDIGGER2
1347041206677,514.935439091624,340.0232897699597,GRAVEDIGGER2
1347041206693,514.935439091624,340.0232897699597,GRAVEDIGGER2
1347041206709,514.935439091624,340.0232897699597,GRAVEDIGGER2
1347041206725,514.935439091624,340.0232897699597,GRAVEDIGGER2
1347041206741,514.935439091624,340.0232897699597,GRAVEDIGGER2
1347041206757,514.935439091624,340.0232897699597,GRAVEDIGGER2
1347041206773,514.935439091624,340.0232897699597,GRAVEDIGGER2
1347041206789,514.935439091624,340.0232897699597,GRAVEDIGGER2
1347041206805,514.935439091624,340.0232897699597,GRAVEDIGGER2
1347041206821,514.935439091624,340.0232897699597,GRAVEDIGGER2
1347041206837,514.935439091624,340.0232897699597,GRAVEDIGGER2
1347041206853,514.935439091624,340.0232897699597,GRAVEDIGGER2
1347041206869,514.935439091624,340.0232897699597,GRAVEDIGGER2
1347041206885,514.935439091624,340.0232897699597,GRAVEDIGGER2
1347041206901,514.935439091624,340.0232897699597,GRAVEDIGGER2
1347041206917,514.935439091624,340.0232897699597,GRAVEDIGGER2
1347041206933,514.935439091624,340.0232897699597,GRAVEDIGGER2
1347041206949,514.935439091624,340.0232897699597,GRAVEDIGGER2
1347041206965,514.935439091624,340.0232897699597,GRAVEDIGGER2
1347041206981,514.935439091624,340.0232897699597,GRAVEDIGGER2
1347041206997,514.935439091624,340.0232897699597,GRAVEDIGGER2
1347041207013,514.935439091624,340.0232897699597,GRAVEDIGGER2
1347041207029,514.935439091624,340.0232897699597,GRAVEDIGGER2
1347041207045,514.935439091624,340.0232897699597,GRAVEDIGGER2
1347041207061,514.935439091624,340.0232897699597,GRAVEDIGGER2
1347041207077,514.935439091624,340.0232897699597,GRAVEDIGGER2
1347041207093,514.935439091624,340.0232897699597,GRAVEDIGGER2
1347041207109,514.935439091624,340.0232897699597,GRAVEDIGGER2
1347041207125,514.935439091624,340.0232897699597,GRAVEDIGGER2
1347041207141,514.935439091624,340.0232897699597,GRAVEDIGGER2
1347041207157,514.935439091624,340.0232897699597,GRAVEDIGGER2
1347041207173,514.935439091624,340.0232897699597,GRAVEDIGGER2
1347041207189,514.935439091624,340.0232897699597,GRAVEDIGGER2
1347041207205,514.935439091624,340.0232897699597,GRAVEDIGGER2
1347041207221,514.935439091624,340.0232897699597,GRAVEDIGGER2
1347041207237,514.935439091624,340.0232897699597,GRAVEDIGGER2
1347041207253,514.935439091624,340.0232897699597,GRAVEDIGGER2
1347041207269,514.935439091624,340.0232897699597,GRAVEDIGGER2
1347041207285,514.935439091624,340.0232897699597,GRAVEDIGGER2
1347041207301,514.935439091624,340.0232897699597,GRAVEDIGGER2
1347041207317,514.935439091624,340.0232897699597,GRAVEDIGGER2
1347041207333,514.935439091624,340.0232897699597,GRAVEDIGGER2
1347041207349,514.935439091624,340.0232897699597,GRAVEDIGGER2
1347041207365,514.935439091624,340.0232897699597,GRAVEDIGGER2
1347041207381,514.935439091624,340.0232897699597,GRAVEDIGGER2
1347041207397,514.935439091624,340.0232897699597,GRAVEDIGGER2
1347041207413,514.935439091624,340.0232897699597,GRAVEDIGGER2
1347041207429,514.935439091624,340.0232897699597,GRAVEDIGGER2
1347041207445,514.935439091624,340.0232897699597,GRAVEDIGGER2
1347041207461,514.935439091624,340.0232897699597,GRAVEDIGGER2
1347041207477,514.935439091624,340.0232897699597,GRAVEDIGGER2
1347041207493,514.935439091624,340.0232897699597,GRAVEDIGGER2
1347041207509,514.935439091624,340.0232897699597,GRAVEDIGGER2
1347041207525,514.935439091624,340.0232897699597,GRAVEDIGGER2
1347041207541,514.935439091624,340.0232897699597,GRAVEDIGGER2
1347041207557,514.935439091624,340.0232897699597,GRAVEDIGGER2
1347041207573,514.935439091624,340.0232897699597,GRAVEDIGGER2
1347041207589,514.935439091624,340.0232897699597,GRAVEDIGGER2
1347041207605,514.935439091624,340.0232897699597,GRAVEDIGGER2
1347041207621,514.935439091624,340.0232897699597,GRAVEDIGGER2
1347041207637,514.935439091624,340.0232897699597,GRAVEDIGGER2
1347041207653,514.935439091624,340.0232897699597,GRAVEDIGGER2
1347041207669,514.935439091624,340.0232897699597,GRAVEDIGGER2
1347041207685,514.935439091624,340.0232897699597,GRAVEDIGGER2
1347041207701,514.935439091624,340.0232897699597,GRAVEDIGGER2
1347041207717,514.935439091624,340.0232897699597,GRAVEDIGGER2
1347041207733,514.935439091624,340.0232897699597,GRAVEDIGGER2
1347041207749,514.935439091624,340.0232897699597,GRAVEDIGGER2
1347041207765,514.935439091624,340.0232897699597,GRAVEDIGGER2
1347041207781,514.935439091624,340.0232897699597,GRAVEDIGGER2
1347041207797,514.935439091624,340.0232897699597,GRAVEDIGGER2
1347041207813,514.935439091624,340.0232897699597,GRAVEDIGGER2
1347041207829,514.935439091624,340.0232897699597,GRAVEDIGGER2
1347041207845,514.935439091624,340.0232897699597,GRAVEDIGGER2
1347041207861,514.935439091624,340.0232897699597,GRAVEDIGGER2
1347041207877,514.935439091624,340.0232897699597,GRAVEDIGGER2
1347041207893,514.935439091624,340.0232897699597,GRAVEDIGGER2
1347041207909,514.935439091624,340.0232897699597,GRAVEDIGGER2
1347041207925,514.935439091624,340.0232897699597,GRAVEDIGGER2
1347041207941,514.935439091624,340.0232897699597,GRAVEDIGGER2
