time,x,y,owner1347041182306,368,352.5,
1347041182342,368,352.5,
1347041182342,368,352.5,
1347041182357,368,352.5,
1347041182373,368,352.5,
1347041182389,368,352.5,
1347041182405,368,352.5,
1347041182421,368,352.5,
1347041182437,368,352.5,
1347041182453,368,352.5,
1347041182469,368,352.5,
1347041182485,368,352.5,
1347041182501,368,352.5,
1347041182517,368,352.5,
1347041182533,368,352.5,
1347041182549,368,352.5,
1347041182565,368,352.5,
1347041182581,368,352.5,
1347041182597,368,352.5,
1347041182619,368,352.5,
1347041182629,368,352.5,
1347041182645,368,352.5,
1347041182661,368,352.5,
1347041182677,368,352.5,
1347041182693,368,352.5,
1347041182709,368,352.5,
1347041182725,368,352.5,
1347041182741,368,352.5,
1347041182757,368,352.5,
1347041182773,368,352.5,
1347041182789,368,352.5,
1347041182805,368,352.5,
1347041182821,368,352.5,
1347041182843,368,352.5,
1347041182853,368,352.5,
1347041182869,368,352.5,
1347041182885,368,352.5,
1347041182901,368,352.5,
1347041182917,368,352.5,
1347041182933,368,352.5,
1347041182949,368,352.5,
1347041182965,368,352.5,
1347041182981,368,352.5,
1347041182997,368,352.5,
1347041183013,368,352.5,
1347041183029,368,352.5,
1347041183045,368,352.5,
1347041183061,368,352.5,
1347041183077,368,352.5,
1347041183093,368,352.5,
1347041183109,368,352.5,
1347041183125,368,352.5,
1347041183142,368,352.5,
1347041183157,368,352.5,
1347041183173,368,352.5,
1347041183190,368,352.5,
1347041183205,368,352.5,
1347041183221,368,352.5,
1347041183237,368,352.5,
1347041183253,368,352.5,
1347041183269,368,352.5,
1347041183285,368,352.5,
1347041183301,368,352.5,
1347041183317,368,352.5,
1347041183333,368,352.5,
1347041183349,368,352.5,
1347041183365,368,352.5,
1347041183381,368,352.5,
1347041183397,368,352.5,
1347041183413,368,352.5,
1347041183429,368,352.5,
1347041183445,368,352.5,
1347041183461,368,352.5,
1347041183477,368,352.5,
1347041183493,368,352.5,
1347041183509,368,352.5,
1347041183525,368,352.5,
1347041183541,368,352.5,
1347041183557,368,352.5,
1347041183573,368,352.5,
1347041183589,368,352.5,
1347041183605,368,352.5,
1347041183622,368,352.5,
1347041183637,368,352.5,
1347041183653,368,352.5,
1347041183669,368,352.5,
1347041183685,368,352.5,
1347041183701,368,352.5,
1347041183717,368,352.5,
1347041183733,368,352.5,
1347041183749,368,352.5,
1347041183765,368,352.5,
1347041183781,368,352.5,
1347041183797,368,352.5,
1347041183813,368,352.5,
1347041183829,368,352.5,
1347041183845,368,352.5,
1347041183861,368,352.5,
1347041183877,368,352.5,
1347041183893,368,352.5,
1347041183909,368,352.5,
1347041183925,368,352.5,
1347041183941,368,352.5,
1347041183957,368,352.5,
1347041183973,368,352.5,
1347041183989,368,352.5,
1347041184005,368,352.5,
1347041184021,368,352.5,
1347041184037,368,352.5,
1347041184053,368,352.5,
1347041184069,368,352.5,
1347041184085,368,352.5,
1347041184101,368,352.5,
1347041184117,368,352.5,
1347041184133,368,352.5,
1347041184149,368,352.5,
1347041184165,368,352.5,
1347041184181,368,352.5,
1347041184197,368,352.5,
1347041184213,368,352.5,
1347041184229,368,352.5,
1347041184245,368,352.5,
1347041184261,368,352.5,
1347041184277,368,352.5,
1347041184293,368,352.5,
1347041184309,368,352.5,
1347041184325,368,352.5,
1347041184341,368,352.5,
1347041184357,368,352.5,
1347041184373,368,352.5,
1347041184389,368,352.5,
1347041184405,368,352.5,
1347041184421,368,352.5,
1347041184437,368,352.5,
1347041184453,368,352.5,
1347041184469,368,352.5,
1347041184485,368,352.5,
1347041184501,368,352.5,
1347041184517,368,352.5,
1347041184533,368,352.5,
1347041184549,368,352.5,
1347041184565,368,352.5,
1347041184581,368,352.5,
1347041184597,368,352.5,
1347041184613,368,352.5,
1347041184629,368,352.5,
1347041184645,368,352.5,
1347041184661,368,352.5,
1347041184677,368,352.5,
1347041184693,368,352.5,
1347041184709,368,352.5,
1347041184725,368,352.5,
1347041184741,368,352.5,
1347041184757,368,352.5,
1347041184773,368,352.5,
1347041184789,368,352.5,
1347041184805,368,352.5,
1347041184821,368,352.5,
1347041184837,368,352.5,
1347041184853,368,352.5,
1347041184869,368,352.5,
1347041184885,368,352.5,
1347041184901,368,352.5,
1347041184917,368,352.5,
1347041184933,368,352.5,
1347041184949,368,352.5,
1347041184965,368,352.5,
1347041184981,368,352.5,
1347041184997,368,352.5,
1347041185013,368,352.5,
1347041185029,368,352.5,
1347041185045,368,352.5,
1347041185061,368,352.5,
1347041185077,368,352.5,
1347041185093,368,352.5,
1347041185109,368,352.5,
1347041185125,368,352.5,
1347041185141,368,352.5,
1347041185157,368,352.5,
1347041185173,368,352.5,
1347041185189,368,352.5,
1347041185205,368,352.5,
1347041185221,368,352.5,
1347041185237,368,352.5,
1347041185253,368,352.5,
1347041185269,368,352.5,
1347041185285,368,352.5,
1347041185301,368,352.5,
1347041185317,368,352.5,
1347041185333,368,352.5,
1347041185349,368,352.5,
1347041185365,368,352.5,
1347041185381,368,352.5,
1347041185397,368,352.5,
1347041185413,368,352.5,
1347041185429,368,352.5,
1347041185445,368,352.5,
1347041185461,368,352.5,
1347041185477,368,352.5,
1347041185493,368,352.5,
1347041185509,368,352.5,
1347041185525,368,352.5,
1347041185541,368,352.5,
1347041185557,368,352.5,
1347041185573,368,352.5,
1347041185589,368,352.5,
1347041185605,368,352.5,
1347041185621,368,352.5,
1347041185637,368,352.5,
1347041185653,368,352.5,
1347041185669,368,352.5,
1347041185685,368,352.5,
1347041185701,368,352.5,
1347041185717,368,352.5,
1347041185733,368,352.5,
1347041185749,368,352.5,
1347041185765,368,352.5,
1347041185781,368,352.5,
1347041185797,368,352.5,
1347041185813,368,352.5,
1347041185829,368,352.5,
1347041185845,368,352.5,
1347041185861,368,352.5,
1347041185877,368,352.5,
1347041185893,368,352.5,
1347041185909,368,352.5,
1347041185925,368,352.5,
1347041185941,368,352.5,
1347041185957,368,352.5,
1347041185973,368,352.5,
1347041185989,368,352.5,
1347041186005,368,352.5,
1347041186021,368,352.5,
1347041186037,368,352.5,
1347041186053,368,352.5,
1347041186069,368,352.5,
1347041186085,368,352.5,
1347041186101,368,352.5,
1347041186117,368,352.5,
1347041186133,368,352.5,
1347041186149,368,352.5,
1347041186165,368,352.5,
1347041186181,368,352.5,
1347041186197,368,352.5,
1347041186213,368,352.5,
1347041186229,368,352.5,
1347041186245,368,352.5,
1347041186261,368,352.5,
1347041186277,368,352.5,
1347041186293,368,352.5,
1347041186309,368,352.5,
1347041186325,368,352.5,
1347041186341,368,352.5,
1347041186357,368,352.5,
1347041186373,368,352.5,
1347041186389,368,352.5,
1347041186405,368,352.5,
1347041186421,368,352.5,
1347041186437,368,352.5,
1347041186453,368,352.5,
1347041186469,368,352.5,
1347041186485,368,352.5,
1347041186501,368,352.5,
1347041186517,368,352.5,
1347041186533,368,352.5,
1347041186549,368,352.5,
1347041186565,368,352.5,
1347041186581,368,352.5,
1347041186597,368,352.5,
1347041186613,368,352.5,
1347041186629,368,352.5,
1347041186645,368,352.5,
1347041186661,368,352.5,
1347041186677,368,352.5,
1347041186693,368,352.5,
1347041186709,368,352.5,
1347041186725,368,352.5,
1347041186741,368,352.5,
1347041186757,368,352.5,
1347041186773,368,352.5,
1347041186789,368,352.5,
1347041186805,368,352.5,
1347041186821,368,352.5,
1347041186837,368,352.5,
1347041186853,368,352.5,
1347041186869,368,352.5,
1347041186885,368,352.5,
1347041186901,368,352.5,
1347041186917,368,352.5,
1347041186933,368,352.5,
1347041186949,368,352.5,
1347041186965,368,352.5,
1347041186981,368,352.5,
1347041186997,368,352.5,
1347041187013,368,352.5,
1347041187029,368,352.5,
1347041187045,368,352.5,
1347041187061,368,352.5,
1347041187077,368,352.5,
1347041187093,368,352.5,
1347041187109,368,352.5,
1347041187125,368,352.5,
1347041187141,368,352.5,
1347041187157,368,352.5,
1347041187173,368,352.5,
1347041187189,368,352.5,
1347041187205,368,352.5,
1347041187221,368,352.5,
1347041187237,368,352.5,
1347041187253,368,352.5,
1347041187269,368,352.5,
1347041187285,368,352.5,
1347041187301,368,352.5,
1347041187317,368,352.5,
1347041187333,368,352.5,
1347041187349,368,352.5,
1347041187365,368,352.5,
1347041187381,368,352.5,
1347041187397,368,352.5,
1347041187413,368,352.5,
1347041187429,368,352.5,
1347041187445,368,352.5,
1347041187461,368,352.5,
1347041187477,368,352.5,
1347041187493,368,352.5,
1347041187509,368,352.5,
1347041187525,368,352.5,
1347041187541,368,352.5,
1347041187557,368,352.5,
1347041187573,368,352.5,
1347041187589,368,352.5,
1347041187605,368,352.5,
1347041187621,368,352.5,
1347041187637,368,352.5,
1347041187653,368,352.5,
1347041187669,368,352.5,
1347041187685,368,352.5,
1347041187701,368,352.5,
1347041187717,368,352.5,
1347041187733,368,352.5,
1347041187749,368,352.5,
1347041187765,368,352.5,
1347041187781,368,352.5,
1347041187797,368,352.5,
1347041187813,368,352.5,
1347041187829,368,352.5,
1347041187845,368,352.5,
1347041187861,368,352.5,
1347041187877,368,352.5,
1347041187893,368,352.5,
1347041187909,368,352.5,
1347041187925,368,352.5,
1347041187941,368,352.5,
1347041187957,368,352.5,
1347041187973,368,352.5,
1347041187989,368,352.5,
1347041188005,368,352.5,
1347041188021,368,352.5,
1347041188037,368,352.5,
1347041188053,368,352.5,
1347041188069,368,352.5,
1347041188085,368,352.5,
1347041188101,368,352.5,
1347041188117,368,352.5,
1347041188133,368,352.5,
1347041188149,368,352.5,
1347041188165,368,352.5,
1347041188181,368,352.5,
1347041188197,368,352.5,
1347041188213,368,352.5,
1347041188229,368,352.5,
1347041188245,368,352.5,
1347041188261,368,352.5,
1347041188277,368,352.5,
1347041188293,368,352.5,
1347041188309,368,352.5,
1347041188325,368,352.5,
1347041188341,368,352.5,
1347041188357,368,352.5,
1347041188373,368,352.5,
1347041188389,368,352.5,
1347041188405,368,352.5,
1347041188421,368,352.5,
1347041188437,368,352.5,
1347041188453,368,352.5,
1347041188469,368,352.5,
1347041188485,368,352.5,
1347041188501,368,352.5,
1347041188517,368,352.5,
1347041188533,368,352.5,
1347041188549,368,352.5,
1347041188565,368,352.5,
1347041188581,368,352.5,
1347041188597,368,352.5,
1347041188613,368,352.5,
1347041188629,368,352.5,
1347041188645,368,352.5,
1347041188661,368,352.5,
1347041188677,368,352.5,
1347041188693,368,352.5,
1347041188709,368,352.5,
1347041188725,368,352.5,
1347041188741,368,352.5,
1347041188757,368,352.5,
1347041188773,368,352.5,
1347041188789,368,352.5,
1347041188805,368,352.5,
1347041188821,368,352.5,
1347041188837,368,352.5,
1347041188853,368,352.5,
1347041188869,368,352.5,
1347041188885,368,352.5,
1347041188901,368,352.5,
1347041188917,368,352.5,
1347041188933,368,352.5,
1347041188949,368,352.5,
1347041188965,368,352.5,
1347041188981,368,352.5,
1347041188997,368,352.5,
1347041189013,368,352.5,
1347041189029,368,352.5,
1347041189045,368,352.5,
1347041189061,368,352.5,
1347041189077,368,352.5,
1347041189093,368,352.5,
1347041189109,368,352.5,
1347041189125,368,352.5,
1347041189141,368,352.5,
1347041189157,368,352.5,
1347041189173,368,352.5,
1347041189189,368,352.5,
1347041189205,368,352.5,
1347041189221,368,352.5,
1347041189237,368,352.5,
1347041189253,368,352.5,
1347041189269,368,352.5,
1347041189285,368,352.5,
1347041189301,368,352.5,
1347041189317,368,352.5,
1347041189333,368,352.5,
1347041189349,368,352.5,
1347041189365,368,352.5,
1347041189381,368,352.5,
1347041189397,368,352.5,
1347041189413,368,352.5,
1347041189429,368,352.5,
1347041189445,368,352.5,
1347041189461,368,352.5,
1347041189477,368,352.5,
1347041189493,368,352.5,
1347041189509,368,352.5,
1347041189525,368,352.5,
1347041189541,368,352.5,
1347041189557,368,352.5,
1347041189573,368,352.5,
1347041189589,368,352.5,
1347041189605,368,352.5,
1347041189621,368,352.5,
1347041189637,368,352.5,
1347041189653,368,352.5,
1347041189669,368,352.5,
1347041189685,368,352.5,
1347041189701,368,352.5,
1347041189717,368,352.5,
1347041189733,368,352.5,
1347041189749,368,352.5,
1347041189765,368,352.5,
1347041189781,368,352.5,
1347041189797,368,352.5,
1347041189813,368,352.5,
1347041189829,368,352.5,
1347041189845,368,352.5,
1347041189861,368,352.5,
1347041189877,368,352.5,
1347041189893,368,352.5,
1347041189909,368,352.5,
1347041189925,368,352.5,
1347041189941,368,352.5,
1347041189957,368,352.5,
1347041189973,368,352.5,
1347041189989,368,352.5,
1347041190005,368,352.5,
1347041190021,368,352.5,
1347041190037,368,352.5,
1347041190053,368,352.5,
1347041190069,368,352.5,
1347041190085,368,352.5,
1347041190101,368,352.5,
1347041190117,368,352.5,
1347041190133,368,352.5,
1347041190149,368,352.5,
1347041190165,368,352.5,
1347041190181,368,352.5,
1347041190197,368,352.5,
1347041190213,368,352.5,
1347041190229,368,352.5,
1347041190245,368,352.5,
1347041190261,368,352.5,
1347041190277,368,352.5,
1347041190293,368,352.5,
1347041190309,368,352.5,
1347041190325,368,352.5,
1347041190341,368,352.5,
1347041190357,368,352.5,
1347041190373,368,352.5,
1347041190389,368,352.5,
1347041190405,368,352.5,
1347041190421,368,352.5,
1347041190437,368,352.5,
1347041190453,368,352.5,
1347041190469,368,352.5,
1347041190485,368,352.5,
1347041190501,368,352.5,
1347041190517,368,352.5,
1347041190533,368,352.5,
1347041190549,368,352.5,
1347041190565,368,352.5,
1347041190581,368,352.5,
1347041190597,368,352.5,
1347041190613,368,352.5,
1347041190629,368,352.5,
1347041190645,368,352.5,
1347041190661,368,352.5,
1347041190677,368,352.5,
1347041190693,368,352.5,
1347041190709,368,352.5,
1347041190725,368,352.5,
1347041190741,368,352.5,
1347041190757,368,352.5,
1347041190773,368,352.5,
1347041190789,368,352.5,
1347041190805,368,352.5,
1347041190821,368,352.5,
1347041190837,368,352.5,
1347041190853,368,352.5,
1347041190869,368,352.5,
1347041190885,368,352.5,
1347041190901,368,352.5,
1347041190917,368,352.5,
1347041190933,368,352.5,
1347041190949,368,352.5,
1347041190965,368,352.5,
1347041190981,368,352.5,
1347041190997,368,352.5,
1347041191013,368,352.5,
1347041191029,368,352.5,
1347041191045,368,352.5,
1347041191061,368,352.5,
1347041191077,368,352.5,
1347041191093,368,352.5,
1347041191109,368,352.5,
1347041191125,368,352.5,
1347041191141,368,352.5,
1347041191157,368,352.5,
1347041191173,368,352.5,
1347041191189,368,352.5,
1347041191205,368,352.5,
1347041191221,368,352.5,
1347041191237,368,352.5,
1347041191253,368,352.5,
1347041191269,368,352.5,
1347041191285,368,352.5,
1347041191301,368,352.5,
1347041191317,368,352.5,
1347041191333,368,352.5,
1347041191349,368,352.5,
1347041191365,368,352.5,
1347041191381,368,352.5,
1347041191397,368,352.5,
1347041191413,368,352.5,
1347041191429,368,352.5,
1347041191445,368,352.5,
1347041191461,368,352.5,
1347041191477,368,352.5,
1347041191493,368,352.5,
1347041191509,368,352.5,
1347041191525,368,352.5,
1347041191541,368,352.5,
1347041191557,368,352.5,
1347041191573,368,352.5,
1347041191589,368,352.5,
1347041191605,368,352.5,
1347041191621,368,352.5,
1347041191637,368,352.5,
1347041191653,368,352.5,
1347041191669,368,352.5,
1347041191685,368,352.5,
1347041191701,368,352.5,
1347041191717,368,352.5,
1347041191733,368,352.5,
1347041191749,368,352.5,
1347041191765,368,352.5,
1347041191781,368,352.5,
1347041191797,368,352.5,
1347041191813,368,352.5,
1347041191829,368,352.5,
1347041191845,368,352.5,
1347041191861,368,352.5,
1347041191877,368,352.5,
1347041191893,368,352.5,
1347041191909,368,352.5,
1347041191925,368,352.5,
1347041191941,368,352.5,
1347041191957,368,352.5,
1347041191973,368,352.5,
1347041191989,368,352.5,
1347041192005,368,352.5,
1347041192021,368,352.5,
1347041192037,368,352.5,
1347041192053,368,352.5,
1347041192069,368,352.5,
1347041192085,368,352.5,
1347041192101,368,352.5,
1347041192117,368,352.5,
1347041192133,368,352.5,
1347041192149,368,352.5,
1347041192165,368,352.5,
1347041192181,368,352.5,
1347041192197,368,352.5,
1347041192213,368,352.5,
1347041192229,368,352.5,
1347041192245,368,352.5,
1347041192261,368,352.5,
1347041192277,368,352.5,
1347041192293,368,352.5,
1347041192309,368,352.5,
1347041192325,368,352.5,
1347041192341,368,352.5,
1347041192357,368,352.5,
1347041192373,368,352.5,
1347041192389,368,352.5,
1347041192405,368,352.5,
1347041192421,368,352.5,
1347041192437,368,352.5,
1347041192453,368,352.5,
1347041192469,368,352.5,
1347041192485,368,352.5,
1347041192501,368,352.5,
1347041192517,368,352.5,
1347041192533,368,352.5,
1347041192549,368,352.5,
1347041192565,368,352.5,
1347041192581,368,352.5,
1347041192597,368,352.5,
1347041192613,368,352.5,
1347041192629,368,352.5,
1347041192645,368,352.5,
1347041192661,368,352.5,
1347041192677,368,352.5,
1347041192693,368,352.5,
1347041192709,368,352.5,
1347041192725,368,352.5,
1347041192741,368,352.5,
1347041192757,368,352.5,
1347041192773,368,352.5,
1347041192789,368,352.5,
1347041192805,368,352.5,
1347041192821,368,352.5,
1347041192837,368,352.5,
1347041192853,368,352.5,
1347041192869,368,352.5,
1347041192885,368,352.5,
1347041192901,368,352.5,
1347041192917,368,352.5,
1347041192933,368,352.5,
1347041192949,368,352.5,
1347041192965,368,352.5,
1347041192981,368,352.5,
1347041192997,368,352.5,
1347041193013,368,352.5,
1347041193029,368,352.5,
1347041193045,368,352.5,
1347041193061,368,352.5,
1347041193077,368,352.5,
1347041193093,368,352.5,
1347041193109,368,352.5,
1347041193125,368,352.5,
1347041193141,368,352.5,
1347041193157,368,352.5,
1347041193173,368,352.5,
1347041193189,368,352.5,
1347041193205,368,352.5,
1347041193221,368,352.5,
1347041193237,368,352.5,
1347041193253,368,352.5,
1347041193269,368,352.5,
1347041193285,368,352.5,
1347041193301,368,352.5,
1347041193317,368,352.5,
1347041193333,368,352.5,
1347041193349,368,352.5,
1347041193365,368,352.5,
1347041193381,368,352.5,
1347041193397,368,352.5,
1347041193413,368,352.5,
1347041193429,368,352.5,
1347041193445,368,352.5,
1347041193461,368,352.5,
1347041193477,368,352.5,
1347041193493,368,352.5,
1347041193509,368,352.5,
1347041193525,368,352.5,
1347041193541,368,352.5,
1347041193557,368,352.5,
1347041193573,368,352.5,
1347041193589,368,352.5,
1347041193605,368,352.5,
1347041193621,368,352.5,
1347041193637,368,352.5,
1347041193653,368,352.5,
1347041193669,368,352.5,
1347041193685,368,352.5,
1347041193701,368,352.5,
1347041193717,368,352.5,
1347041193733,368,352.5,
1347041193749,368,352.5,
1347041193765,368,352.5,
1347041193781,368,352.5,
1347041193797,368,352.5,
1347041193813,368,352.5,
1347041193829,368,352.5,
1347041193845,368,352.5,
1347041193861,368,352.5,
1347041193877,368,352.5,
1347041193893,368,352.5,
1347041193909,368,352.5,
1347041193925,368,352.5,
1347041193941,368,352.5,
1347041193957,368,352.5,
1347041193973,368,352.5,
1347041193989,368,352.5,
1347041194005,368,352.5,
1347041194021,368,352.5,
1347041194037,368,352.5,
1347041194053,368,352.5,
1347041194069,368,352.5,
1347041194085,368,352.5,
1347041194101,368,352.5,
1347041194117,368,352.5,
1347041194133,368,352.5,
1347041194149,368,352.5,
1347041194165,368,352.5,
1347041194181,368,352.5,
1347041194197,368,352.5,
1347041194213,368,352.5,
1347041194229,368,352.5,
1347041194245,368,352.5,
1347041194261,368,352.5,
1347041194277,368,352.5,
1347041194293,368,352.5,
1347041194309,368,352.5,
1347041194325,368,352.5,
1347041194341,368,352.5,
1347041194357,368,352.5,
1347041194373,368,352.5,
1347041194389,368,352.5,
1347041194405,368,352.5,
1347041194421,368,352.5,
1347041194437,368,352.5,
1347041194453,368,352.5,
1347041194469,368,352.5,
1347041194485,368,352.5,
1347041194501,368,352.5,
1347041194517,368,352.5,
1347041194533,368,352.5,
1347041194549,368,352.5,
1347041194565,368,352.5,
1347041194581,368,352.5,
1347041194597,368,352.5,
1347041194613,368,352.5,
1347041194629,368,352.5,
1347041194645,368,352.5,
1347041194661,368,352.5,
1347041194677,368,352.5,
1347041194693,368,352.5,
1347041194709,368,352.5,
1347041194725,368,352.5,
1347041194741,368,352.5,
1347041194757,368,352.5,
1347041194773,368,352.5,
1347041194789,368,352.5,
1347041194805,368,352.5,
1347041194821,368,352.5,
1347041194845,368,352.5,
1347041194853,368,352.5,
1347041194869,368,352.5,
1347041194885,368,352.5,
1347041194901,368,352.5,
1347041194917,368,352.5,
1347041194937,368,352.5,
1347041194949,368,352.5,
1347041194965,368,352.5,
1347041194981,368,352.5,
1347041194997,368,352.5,
1347041195013,368,352.5,
1347041195030,368,352.5,
1347041195045,368,352.5,
1347041195061,368,352.5,
1347041195077,368,352.5,
1347041195093,368,352.5,
1347041195109,368,352.5,
1347041195125,368,352.5,
1347041195141,368,352.5,
1347041195157,368,352.5,
1347041195173,368,352.5,
1347041195189,368,352.5,
1347041195205,368,352.5,
1347041195221,368,352.5,
1347041195237,368,352.5,
1347041195253,368,352.5,
1347041195269,368,352.5,
1347041195285,368,352.5,
1347041195301,368,352.5,
1347041195317,368,352.5,
1347041195333,368,352.5,
1347041195349,368,352.5,
1347041195365,368,352.5,
1347041195381,368,352.5,
1347041195397,368,352.5,
1347041195413,368,352.5,
1347041195429,368,352.5,
1347041195445,368,352.5,
1347041195461,368,352.5,
1347041195477,368,352.5,
1347041195493,368,352.5,
1347041195509,368,352.5,
1347041195525,368,352.5,
1347041195541,368,352.5,
1347041195557,368,352.5,
1347041195573,368,352.5,
1347041195589,368,352.5,
1347041195605,368,352.5,
1347041195621,368,352.5,
1347041195637,368,352.5,
1347041195653,368,352.5,
1347041195669,368,352.5,
1347041195685,368,352.5,
1347041195701,368,352.5,
1347041195717,368,352.5,
1347041195733,368,352.5,
1347041195749,368,352.5,
1347041195765,368,352.5,
1347041195781,368,352.5,
1347041195797,368,352.5,
1347041195813,368,352.5,
1347041195829,368,352.5,
1347041195845,368,352.5,
1347041195861,368,352.5,
1347041195877,368,352.5,
1347041195893,368,352.5,
1347041195909,368,352.5,
1347041195925,368,352.5,
1347041195941,368,352.5,
1347041195957,368,352.5,
1347041195973,368,352.5,
1347041195989,368,352.5,
1347041196005,368,352.5,
1347041196021,368,352.5,
1347041196037,368,352.5,
1347041196053,368,352.5,
1347041196069,368,352.5,
1347041196085,368,352.5,
1347041196101,368,352.5,
1347041196117,368,352.5,
1347041196133,368,352.5,
1347041196149,368,352.5,
1347041196165,368,352.5,
1347041196181,368,352.5,
1347041196197,368,352.5,
1347041196213,368,352.5,
1347041196229,368,352.5,
1347041196245,368,352.5,
1347041196261,368,352.5,
1347041196277,368,352.5,
1347041196293,368,352.5,
1347041196309,368,352.5,
1347041196325,368,352.5,
1347041196341,368,352.5,
1347041196357,368,352.5,
1347041196373,368,352.5,
1347041196389,368,352.5,
1347041196405,368,352.5,
1347041196421,368,352.5,
1347041196437,368,352.5,
1347041196453,368,352.5,
1347041196469,368,352.5,
1347041196485,368,352.5,
1347041196501,368,352.5,
1347041196517,368,352.5,
1347041196533,368,352.5,
1347041196549,368,352.5,
1347041196565,368,352.5,
1347041196581,368,352.5,
1347041196597,368,352.5,
1347041196613,368,352.5,
1347041196629,368,352.5,
1347041196645,368,352.5,
1347041196661,368,352.5,
1347041196677,368,352.5,
1347041196693,368,352.5,
1347041196709,368,352.5,
1347041196725,368,352.5,
1347041196741,368,352.5,
1347041196757,368,352.5,
1347041196773,368,352.5,
1347041196789,368,352.5,
1347041196805,368,352.5,
1347041196821,368,352.5,
1347041196837,368,352.5,
1347041196853,368,352.5,
1347041196869,368,352.5,
1347041196885,368,352.5,
1347041196901,368,352.5,
1347041196917,368,352.5,
1347041196933,368,352.5,
1347041196949,368,352.5,
1347041196965,368,352.5,
1347041196981,368,352.5,
1347041196997,368,352.5,
1347041197013,368,352.5,
1347041197029,368,352.5,
1347041197045,368,352.5,
1347041197061,368,352.5,
1347041197077,368,352.5,
1347041197093,368,352.5,
1347041197109,368,352.5,
1347041197125,368,352.5,
1347041197141,368,352.5,
1347041197157,368,352.5,
1347041197173,368,352.5,
1347041197189,368,352.5,
1347041197205,368,352.5,
1347041197221,368,352.5,
1347041197237,368,352.5,
1347041197253,368,352.5,
1347041197269,368,352.5,
1347041197285,368,352.5,
1347041197301,368,352.5,
1347041197317,368,352.5,
1347041197333,368,352.5,
1347041197349,368,352.5,
1347041197365,368,352.5,
1347041197381,368,352.5,
1347041197397,368,352.5,
1347041197413,368,352.5,
1347041197429,368,352.5,
1347041197445,368,352.5,
1347041197461,368,352.5,
1347041197477,368,352.5,
1347041197493,368,352.5,
1347041197509,368,352.5,
1347041197525,368,352.5,
1347041197541,368,352.5,
1347041197557,368,352.5,
1347041197573,368,352.5,
1347041197589,368,352.5,
1347041197605,368,352.5,
1347041197621,368,352.5,
1347041197637,368,352.5,
1347041197653,368,352.5,
1347041197669,368,352.5,
1347041197685,368,352.5,
1347041197702,368,352.5,
1347041197717,368,352.5,
1347041197733,368,352.5,
1347041197749,368,352.5,
1347041197765,368,352.5,
1347041197781,368,352.5,
1347041197797,368,352.5,
1347041197813,368,352.5,
1347041197829,368,352.5,
1347041197845,368,352.5,
1347041197861,368,352.5,
1347041197877,368,352.5,
1347041197893,368,352.5,
1347041197909,368,352.5,
1347041197925,368,352.5,
1347041197941,368,352.5,
1347041197957,368,352.5,
1347041197973,368,352.5,
1347041197989,368,352.5,
1347041198005,368,352.5,
1347041198021,368,352.5,
1347041198037,368,352.5,
1347041198053,368,352.5,
1347041198069,368,352.5,
1347041198085,368,352.5,
1347041198101,368,352.5,
1347041198117,368,352.5,
1347041198133,368,352.5,
1347041198149,368,352.5,
1347041198165,368,352.5,
1347041198181,368,352.5,
1347041198197,368,352.5,
1347041198213,368,352.5,
1347041198229,368,352.5,
1347041198245,368,352.5,
1347041198261,368,352.5,
1347041198277,368,352.5,
1347041198293,368,352.5,
1347041198309,368,352.5,
1347041198325,368,352.5,
1347041198341,368,352.5,
1347041198357,368,352.5,
1347041198373,368,352.5,
1347041198389,368,352.5,
1347041198405,368,352.5,
1347041198421,368,352.5,
1347041198437,368,352.5,
1347041198453,368,352.5,
1347041198469,368,352.5,
1347041198485,368,352.5,
1347041198501,368,352.5,
1347041198517,368,352.5,
1347041198533,368,352.5,
1347041198549,368,352.5,
1347041198565,368,352.5,
1347041198581,368,352.5,
1347041198597,368,352.5,
1347041198613,368,352.5,
1347041198629,368,352.5,
1347041198645,368,352.5,
1347041198661,368,352.5,
1347041198677,368,352.5,
1347041198693,368,352.5,
1347041198709,368,352.5,
1347041198725,368,352.5,
1347041198741,368,352.5,
1347041198757,368,352.5,
1347041198773,368,352.5,
1347041198789,368,352.5,
1347041198805,368,352.5,
1347041198821,368,352.5,
1347041198837,368,352.5,
1347041198853,368,352.5,
1347041198869,368,352.5,
1347041198885,368,352.5,
1347041198901,368,352.5,
1347041198917,368,352.5,
1347041198933,368,352.5,
1347041198949,368,352.5,
1347041198965,368,352.5,
1347041198981,368,352.5,
1347041198997,368,352.5,
1347041199013,368,352.5,
1347041199029,368,352.5,
1347041199045,368,352.5,
1347041199061,368,352.5,
1347041199077,368,352.5,
1347041199093,368,352.5,
1347041199109,368,352.5,
1347041199125,368,352.5,
1347041199141,368,352.5,
1347041199157,368,352.5,
1347041199173,368,352.5,
1347041199189,368,352.5,
1347041199205,368,352.5,
1347041199221,368,352.5,
1347041199237,368,352.5,
1347041199254,368,352.5,
1347041199269,368,352.5,
1347041199285,368,352.5,
1347041199301,368,352.5,
1347041199317,368,352.5,
1347041199333,368,352.5,
1347041199349,368,352.5,
1347041199365,368,352.5,
1347041199381,368,352.5,
1347041199397,368,352.5,
1347041199413,368,352.5,
1347041199429,368,352.5,
1347041199445,368,352.5,
1347041199461,368,352.5,
1347041199477,368,352.5,
1347041199493,368,352.5,
1347041199509,368,352.5,
1347041199525,368,352.5,
1347041199541,368,352.5,
1347041199557,368,352.5,
1347041199573,368,352.5,
1347041199589,368,352.5,
1347041199605,368,352.5,
1347041199621,368,352.5,
1347041199637,368,352.5,
1347041199653,368,352.5,
1347041199669,368,352.5,
1347041199685,368,352.5,
1347041199701,368,352.5,
1347041199717,368,352.5,
1347041199733,368,352.5,
1347041199749,368,352.5,
1347041199765,368,352.5,
1347041199781,368,352.5,
1347041199797,368,352.5,
1347041199813,368,352.5,
1347041199829,368,352.5,
1347041199845,368,352.5,
1347041199861,368,352.5,
1347041199877,368,352.5,
1347041199893,368,352.5,
1347041199909,368,352.5,
1347041199925,368,352.5,
1347041199941,368,352.5,
1347041199957,368,352.5,
1347041199973,368,352.5,
1347041199989,368,352.5,
1347041200005,368,352.5,
1347041200021,368,352.5,
1347041200037,368,352.5,
1347041200053,368,352.5,
1347041200069,368,352.5,
1347041200085,368,352.5,
1347041200101,368,352.5,
1347041200117,368,352.5,
1347041200133,368,352.5,
1347041200149,368,352.5,
1347041200165,368,352.5,
1347041200181,368,352.5,
1347041200197,368,352.5,
1347041200213,368,352.5,
1347041200229,368,352.5,
1347041200245,368,352.5,
1347041200261,368,352.5,
1347041200277,368,352.5,
1347041200293,368,352.5,
1347041200309,368,352.5,
1347041200325,368,352.5,
1347041200341,368,352.5,
1347041200357,368,352.5,
1347041200373,368,352.5,
1347041200389,368,352.5,
1347041200405,368,352.5,
1347041200421,368,352.5,
1347041200437,368,352.5,
1347041200453,368,352.5,
1347041200469,368,352.5,
1347041200485,368,352.5,
1347041200501,368,352.5,
1347041200517,368,352.5,
1347041200533,368,352.5,
1347041200549,368,352.5,
1347041200565,368,352.5,
1347041200581,368,352.5,
1347041200597,368,352.5,
1347041200613,368,352.5,
1347041200629,368,352.5,
1347041200645,368,352.5,
1347041200661,368,352.5,
1347041200677,368,352.5,
1347041200693,368,352.5,
1347041200709,368,352.5,
1347041200725,368,352.5,
1347041200741,368,352.5,
1347041200757,368,352.5,
1347041200773,368,352.5,
1347041200789,368,352.5,
1347041200805,368,352.5,
1347041200821,368,352.5,
1347041200837,368,352.5,
1347041200853,368,352.5,
1347041200869,368,352.5,
1347041200885,368,352.5,
1347041200901,368,352.5,
1347041200917,368,352.5,
1347041200933,368,352.5,
1347041200949,368,352.5,
1347041200965,368,352.5,
1347041200981,368,352.5,
1347041200997,368,352.5,
1347041201013,368,352.5,
1347041201029,368,352.5,
1347041201045,368,352.5,
1347041201061,368,352.5,
1347041201077,368,352.5,
1347041201093,368,352.5,
1347041201109,368,352.5,
1347041201125,368,352.5,
1347041201141,368,352.5,
1347041201157,368,352.5,
1347041201173,368,352.5,
1347041201189,368,352.5,
1347041201205,368,352.5,
1347041201221,368,352.5,
1347041201237,368,352.5,
1347041201253,368,352.5,
1347041201269,368,352.5,
1347041201285,368,352.5,
1347041201301,368,352.5,
1347041201317,368,352.5,
1347041201333,368,352.5,
1347041201349,368,352.5,
1347041201365,368,352.5,
1347041201381,368,352.5,
1347041201397,368,352.5,
1347041201413,368,352.5,
1347041201429,368,352.5,
1347041201445,368,352.5,
1347041201461,368,352.5,
1347041201477,368,352.5,
1347041201493,368,352.5,
1347041201509,368,352.5,
1347041201525,368,352.5,
1347041201541,368,352.5,
1347041201557,368,352.5,
1347041201573,368,352.5,
1347041201589,368,352.5,
1347041201605,368,352.5,
1347041201621,368,352.5,
1347041201637,368,352.5,
1347041201653,368,352.5,
1347041201669,368,352.5,
1347041201685,368,352.5,
1347041201701,368,352.5,
1347041201717,368,352.5,
1347041201733,368,352.5,
1347041201749,368,352.5,
1347041201765,368,352.5,
1347041201781,368,352.5,
1347041201797,368,352.5,
1347041201813,368,352.5,
1347041201829,368,352.5,
1347041201845,368,352.5,
1347041201861,368,352.5,
1347041201877,368,352.5,
1347041201893,368,352.5,
1347041201909,368,352.5,
1347041201925,368,352.5,
1347041201941,368,352.5,
1347041201957,368,352.5,
1347041201973,368,352.5,
1347041201989,368,352.5,
1347041202005,368,352.5,
1347041202021,368,352.5,
1347041202037,368,352.5,
1347041202053,368,352.5,
1347041202069,368,352.5,
1347041202085,368,352.5,
1347041202101,368,352.5,
1347041202117,368,352.5,
1347041202133,368,352.5,
1347041202149,368,352.5,
1347041202165,368,352.5,
1347041202181,368,352.5,
1347041202197,368,352.5,
1347041202213,368,352.5,
1347041202229,368,352.5,
1347041202245,368,352.5,
1347041202261,368,352.5,
1347041202277,368,352.5,
1347041202293,368,352.5,
1347041202309,368,352.5,
1347041202325,368,352.5,
1347041202341,368,352.5,
1347041202357,368,352.5,
1347041202373,368,352.5,
1347041202389,368,352.5,
1347041202405,368,352.5,
1347041202421,368,352.5,
1347041202437,368,352.5,
1347041202453,368,352.5,
1347041202469,368,352.5,
1347041202485,368,352.5,
1347041202501,368,352.5,
1347041202517,368,352.5,
1347041202533,368,352.5,
1347041202549,368,352.5,
1347041202565,368,352.5,
1347041202581,368,352.5,
1347041202597,368,352.5,
1347041202613,368,352.5,
1347041202629,368,352.5,
1347041202645,368,352.5,
1347041202661,368,352.5,
1347041202677,368,352.5,
1347041202693,368,352.5,
1347041202709,368,352.5,
1347041202725,368,352.5,
1347041202741,368,352.5,
1347041202757,368,352.5,
1347041202773,368,352.5,
1347041202789,368,352.5,
1347041202805,368,352.5,
1347041202821,368,352.5,
1347041202837,368,352.5,
1347041202853,368,352.5,
1347041202869,368,352.5,
1347041202885,368,352.5,
1347041202901,368,352.5,
1347041202917,368,352.5,
1347041202933,368,352.5,
1347041202949,368,352.5,
1347041202965,368,352.5,
1347041202981,368,352.5,
1347041202997,368,352.5,
1347041203013,368,352.5,
1347041203029,368,352.5,
1347041203045,368,352.5,
1347041203061,368,352.5,
1347041203077,368,352.5,
1347041203093,368,352.5,
1347041203109,368,352.5,
1347041203125,368,352.5,
1347041203141,368,352.5,
1347041203157,368,352.5,
1347041203173,368,352.5,
1347041203189,368,352.5,
1347041203205,368,352.5,
1347041203221,368,352.5,
1347041203237,368,352.5,
1347041203253,368,352.5,
1347041203269,368,352.5,
1347041203285,368,352.5,
1347041203301,368,352.5,
1347041203317,368,352.5,
1347041203333,368,352.5,
1347041203349,368,352.5,
1347041203365,368,352.5,
1347041203381,368,352.5,
1347041203397,368,352.5,
1347041203413,368,352.5,
1347041203429,368,352.5,
1347041203445,368,352.5,
1347041203461,368,352.5,
1347041203477,368,352.5,
1347041203493,368,352.5,
1347041203509,368,352.5,
1347041203525,368,352.5,
1347041203541,368,352.5,
1347041203557,368,352.5,
1347041203573,368,352.5,
1347041203589,368,352.5,
1347041203605,368,352.5,
1347041203621,368,352.5,
1347041203637,368,352.5,
1347041203653,368,352.5,
1347041203669,368,352.5,
1347041203685,368,352.5,
1347041203701,368,352.5,
1347041203717,368,352.5,
1347041203733,368,352.5,
1347041203749,368,352.5,
1347041203765,368,352.5,
1347041203781,368,352.5,
1347041203797,368,352.5,
1347041203813,368,352.5,
1347041203829,368,352.5,
1347041203845,368,352.5,
1347041203861,368,352.5,
1347041203877,368,352.5,
1347041203893,368,352.5,
1347041203909,368,352.5,
1347041203925,368,352.5,
1347041203941,368,352.5,
1347041203957,368,352.5,
1347041203973,368,352.5,
1347041203989,368,352.5,
1347041204005,368,352.5,
1347041204021,368,352.5,
1347041204037,368,352.5,
1347041204053,368,352.5,
1347041204069,368,352.5,
1347041204085,368,352.5,
1347041204101,368,352.5,
1347041204117,368,352.5,
1347041204133,368,352.5,
1347041204149,368,352.5,
1347041204165,368,352.5,
1347041204181,368,352.5,
1347041204197,368,352.5,
1347041204213,368,352.5,
1347041204229,368,352.5,
1347041204245,368,352.5,
1347041204261,368,352.5,
1347041204277,368,352.5,
1347041204293,368,352.5,
1347041204309,368,352.5,
1347041204325,368,352.5,
1347041204341,368,352.5,
1347041204357,368,352.5,
1347041204373,368,352.5,
1347041204389,368,352.5,
1347041204405,368,352.5,
1347041204421,368,352.5,
1347041204437,368,352.5,
1347041204453,368,352.5,
1347041204469,368,352.5,
1347041204485,368,352.5,
1347041204501,368,352.5,
1347041204517,368,352.5,
1347041204533,368,352.5,
1347041204549,368,352.5,
1347041204565,368,352.5,
1347041204581,368,352.5,
1347041204597,368,352.5,
1347041204613,368,352.5,
1347041204629,368,352.5,
1347041204645,368,352.5,
1347041204661,368,352.5,
1347041204677,368,352.5,
1347041204693,368,352.5,
1347041204709,368,352.5,
1347041204725,368,352.5,
1347041204741,368,352.5,
1347041204757,368,352.5,
1347041204773,368,352.5,
1347041204789,368,352.5,
1347041204805,368,352.5,
1347041204821,368,352.5,
1347041204837,368,352.5,
1347041204853,368,352.5,
1347041204869,368,352.5,
1347041204885,368,352.5,
1347041204901,368,352.5,
1347041204917,368,352.5,
1347041204933,368,352.5,
1347041204949,368,352.5,
1347041204965,368,352.5,
1347041204981,368,352.5,
1347041204997,368,352.5,
1347041205013,368,352.5,
1347041205029,368,352.5,
1347041205045,368,352.5,
1347041205061,368,352.5,
1347041205077,368,352.5,
1347041205093,368,352.5,
1347041205109,368,352.5,
1347041205125,368,352.5,
1347041205141,368,352.5,
1347041205157,368,352.5,
1347041205173,368,352.5,
1347041205189,368,352.5,
1347041205205,368,352.5,
1347041205221,368,352.5,
1347041205237,368,352.5,
1347041205253,368,352.5,
1347041205269,368,352.5,
1347041205285,368,352.5,
1347041205301,368,352.5,
1347041205317,368,352.5,
1347041205333,368,352.5,
1347041205349,368,352.5,
1347041205365,368,352.5,
1347041205381,368,352.5,
1347041205397,368,352.5,
1347041205413,368,352.5,
1347041205429,368,352.5,
1347041205445,368,352.5,
1347041205461,368,352.5,
1347041205477,368,352.5,
1347041205493,368,352.5,
1347041205509,368,352.5,
1347041205525,368,352.5,
1347041205541,368,352.5,
1347041205557,368,352.5,
1347041205573,368,352.5,
1347041205589,368,352.5,
1347041205605,368,352.5,
1347041205621,368,352.5,
1347041205637,368,352.5,
1347041205653,368,352.5,
1347041205669,368,352.5,
1347041205685,368,352.5,
1347041205701,368,352.5,
1347041205717,368,352.5,
1347041205733,368,352.5,
1347041205749,368,352.5,
1347041205765,368,352.5,
1347041205781,368,352.5,
1347041205797,368,352.5,
1347041205813,368,352.5,
1347041205829,368,352.5,
1347041205845,368,352.5,
1347041205861,368,352.5,
1347041205877,368,352.5,
1347041205893,368,352.5,
1347041205909,368,352.5,
1347041205925,368,352.5,
1347041205941,368,352.5,
1347041205957,368,352.5,
1347041205973,368,352.5,
1347041205989,368,352.5,
1347041206005,368,352.5,
1347041206021,368,352.5,
1347041206037,368,352.5,
1347041206053,368,352.5,
1347041206069,368,352.5,
1347041206085,368,352.5,
1347041206101,368,352.5,
1347041206117,368,352.5,
1347041206133,368,352.5,
1347041206149,368,352.5,
1347041206165,368,352.5,
1347041206181,368,352.5,
1347041206197,368,352.5,
1347041206213,368,352.5,
1347041206229,368,352.5,
1347041206245,368,352.5,
1347041206261,368,352.5,
1347041206277,368,352.5,
1347041206293,368,352.5,
1347041206309,368,352.5,
1347041206325,368,352.5,
1347041206341,368,352.5,
1347041206357,368,352.5,
1347041206373,368,352.5,
1347041206389,368,352.5,
1347041206405,368,352.5,
1347041206421,368,352.5,
1347041206437,368,352.5,
1347041206453,368,352.5,
1347041206469,368,352.5,
1347041206485,368,352.5,
1347041206501,368,352.5,
1347041206517,368,352.5,
1347041206533,368,352.5,
1347041206549,368,352.5,
1347041206565,368,352.5,
1347041206581,368,352.5,
1347041206597,368,352.5,
1347041206613,368,352.5,
1347041206629,368,352.5,
1347041206645,368,352.5,
1347041206661,368,352.5,
1347041206677,368,352.5,
1347041206693,368,352.5,
1347041206709,368,352.5,
1347041206725,368,352.5,
1347041206741,368,352.5,
1347041206757,368,352.5,
1347041206773,368,352.5,
1347041206789,368,352.5,
1347041206805,368,352.5,
1347041206821,368,352.5,
1347041206837,368,352.5,
1347041206853,368,352.5,
1347041206869,368,352.5,
1347041206885,368,352.5,
1347041206901,368,352.5,
1347041206917,368,352.5,
1347041206933,368,352.5,
1347041206949,368,352.5,
1347041206965,368,352.5,
1347041206981,368,352.5,
1347041206997,368,352.5,
1347041207013,368,352.5,
1347041207029,368,352.5,
1347041207045,368,352.5,
1347041207061,368,352.5,
1347041207077,368,352.5,
1347041207093,368,352.5,
1347041207109,368,352.5,
1347041207125,368,352.5,
1347041207141,368,352.5,
1347041207157,368,352.5,
1347041207173,368,352.5,
1347041207189,368,352.5,
1347041207205,368,352.5,
1347041207221,368,352.5,
1347041207237,368,352.5,
1347041207253,368,352.5,
1347041207269,368,352.5,
1347041207285,368,352.5,
1347041207301,368,352.5,
1347041207317,368,352.5,
1347041207333,368,352.5,
1347041207349,368,352.5,
1347041207365,368,352.5,
1347041207381,368,352.5,
1347041207397,368,352.5,
1347041207413,368,352.5,
1347041207429,368,352.5,
1347041207445,368,352.5,
1347041207461,368,352.5,
1347041207477,368,352.5,
1347041207493,368,352.5,
1347041207509,368,352.5,
1347041207525,368,352.5,
1347041207541,368,352.5,
1347041207557,368,352.5,
1347041207573,368,352.5,
1347041207589,368,352.5,
1347041207605,368,352.5,
1347041207621,368,352.5,
1347041207637,368,352.5,
1347041207653,368,352.5,
1347041207669,368,352.5,
1347041207685,368,352.5,
1347041207701,368,352.5,
1347041207717,368,352.5,
1347041207733,368,352.5,
1347041207749,368,352.5,
1347041207765,368,352.5,
1347041207781,368,352.5,
1347041207797,368,352.5,
1347041207813,368,352.5,
1347041207829,368,352.5,
1347041207845,368,352.5,
1347041207861,368,352.5,
1347041207877,368,352.5,
1347041207893,368,352.5,
1347041207909,368,352.5,
1347041207925,368,352.5,
1347041207941,368,352.5,
